round_epochs,val_loss,val_out1_loss,val_out2_loss,val_out1_mae,val_out1_mse,val_out2_mae,val_out2_mse,loss,out1_loss,out2_loss,out1_mae,out1_mse,out2_mae,out2_mse,activation,dropRate,epochs,last_activation,learningRate,nNodes,optimizer,patienceModel,regCons
50,0.005797491799522605,6.625790410907939e-05,0.005731233861297369,0.005934036336839199,6.625790410907939e-05,0.03794664144515991,0.005731233861297369,0.006055453581373311,0.00033596493,0.0057194894,0.006036269,6.719298e-05,0.038106136,0.0057194894,tanh,0.0,50,linear,0.3,4,<class 'keras.optimizers.Adam'>,10,0.0
50,0.6171337360427493,0.0010945529211312532,0.3730764091014862,0.0314362496137619,0.0010945529211312532,0.5658579468727112,0.3730764091014862,0.6255123901461798,0.0065049436,0.3816659,0.034323342,0.0013009892,0.5735391,0.3816659,tanh,0.0,50,linear,0.3,4,<class 'keras.optimizers.Adam'>,10,0.01
50,0.1725498485659796,5.9965390391880646e-05,0.05066527798771858,0.005490421317517757,5.9965390391880646e-05,0.198029562830925,0.05066527798771858,0.17367970971834093,0.00038940427,0.04875138,0.0064895614,7.788083e-05,0.19327791,0.04875138,tanh,0.0,50,linear,0.3,4,<class 'keras.optimizers.Adam'>,10,0.001
50,1.1458816829181853,0.05091570317745209,0.6622616648674011,0.2191406488418579,0.05091570317745209,0.7565606236457825,0.6622616648674011,1.3554752332823616,0.25877696,0.6678026,0.22107418,0.05175536,0.76115376,0.6678026,tanh,0.0,50,linear,0.3,4,<class 'keras.optimizers.Adam'>,10,0.1
50,0.016305359988103785,0.0001347357756458223,0.016170624643564224,0.008800027891993523,0.0001347357756458223,0.08438370376825333,0.016170624643564224,0.01707018436531403,0.00068188366,0.016388291,0.008869104,0.00013637675,0.08461446,0.016388291,tanh,0.0,50,linear,0.3,4,<class 'keras.optimizers.SGD'>,10,0.0
50,0.6243224981285277,0.001547123771160841,0.3887934684753418,0.03678417578339577,0.001547123771160841,0.5755091309547424,0.3887934982776642,0.6358068165798035,0.008104327,0.39253744,0.035301596,0.0016208636,0.5794013,0.39253744,tanh,0.0,50,linear,0.3,4,<class 'keras.optimizers.SGD'>,10,0.01
50,0.1781965707502668,8.493547647958621e-05,0.051545895636081696,0.006978203076869249,8.493547647958621e-05,0.19559945166110992,0.051545895636081696,0.17959508588389744,0.00040287696,0.05218584,0.0066525065,8.057541e-05,0.19690682,0.05218584,tanh,0.0,50,linear,0.3,4,<class 'keras.optimizers.SGD'>,10,0.001
50,1.1753079121074979,0.04698138311505318,0.6636452078819275,0.20560768246650696,0.04698138311505318,0.7565397024154663,0.6636452078819275,1.3741607000903477,0.2723268,0.6695354,0.22108312,0.05446535,0.7614582,0.66953546,tanh,0.0,50,linear,0.3,4,<class 'keras.optimizers.SGD'>,10,0.1
50,0.005160164025368258,6.090648457757197e-05,0.005099256988614798,0.005706979893147945,6.090648457757197e-05,0.03602132946252823,0.005099256988614798,0.00541908372487385,0.00032488196,0.0050942055,0.0059777466,6.4976426e-05,0.03595254,0.0050942055,tanh,0.0,50,linear,0.3,8,<class 'keras.optimizers.Adam'>,10,0.0
50,0.616478354306448,0.0012112470576539636,0.37746644020080566,0.03325025737285614,0.0012112470576539636,0.568591833114624,0.37746644020080566,0.6254794616547842,0.006517405,0.38161173,0.03432296,0.0013034813,0.57355475,0.38161173,tanh,0.0,50,linear,0.3,8,<class 'keras.optimizers.Adam'>,10,0.01
50,0.1724311789349904,6.36713593848981e-05,0.04802064225077629,0.005471187178045511,6.36713593848981e-05,0.19160303473472595,0.04802064225077629,0.17366851973864766,0.00039884038,0.048775252,0.006568388,7.9768084e-05,0.19331148,0.04877525,tanh,0.0,50,linear,0.3,8,<class 'keras.optimizers.Adam'>,10,0.001
50,1.1379853511613514,0.05289198085665703,0.6642475724220276,0.2237032949924469,0.05289198085665703,0.7577887177467346,0.6642475724220276,1.3554376855729118,0.25877967,0.6677379,0.22108205,0.051755983,0.7611579,0.6677379,tanh,0.0,50,linear,0.3,8,<class 'keras.optimizers.Adam'>,10,0.1
50,0.014583657540026166,0.00018122686014976352,0.01440243050456047,0.01057109422981739,0.00018122686014976352,0.07841542363166809,0.01440243050456047,0.01544465161823032,0.0008654361,0.014579219,0.010242307,0.0001730871,0.0787074,0.014579219,tanh,0.0,50,linear,0.3,8,<class 'keras.optimizers.SGD'>,10,0.0
50,0.6277538845463405,0.0004871922719758004,0.38488447666168213,0.018782179802656174,0.0004871922719758004,0.573716402053833,0.3848845064640045,0.6335449520557646,0.008110244,0.38845313,0.035417963,0.0016220488,0.5772903,0.38845313,tanh,0.0,50,linear,0.3,8,<class 'keras.optimizers.SGD'>,10,0.01
50,0.17737683857244158,8.319383050547913e-05,0.051470451056957245,0.006814838387072086,8.319383050547913e-05,0.1980774998664856,0.05147045850753784,0.17879555547048176,0.00038867097,0.050966773,0.0064341053,7.773414e-05,0.19673634,0.050966773,tanh,0.0,50,linear,0.3,8,<class 'keras.optimizers.SGD'>,10,0.001
50,1.1735341601901583,0.04746772721409798,0.6640883684158325,0.20651106536388397,0.04746772721409798,0.7570270299911499,0.6640883684158325,1.375012597394368,0.27307114,0.6692325,0.22111624,0.054614253,0.7614035,0.6692325,tanh,0.0,50,linear,0.3,8,<class 'keras.optimizers.SGD'>,10,0.1
50,0.0035812894785074547,6.125494110165164e-05,0.0035200342535972595,0.005592978093773127,6.125494110165164e-05,0.026940660551190376,0.003520033787935972,0.0038069030521289695,0.0003162186,0.0034906848,0.0057328143,6.324364e-05,0.026480787,0.0034906853,tanh,0.0,50,linear,0.3,16,<class 'keras.optimizers.Adam'>,10,0.0
50,0.6175189934079609,0.0009911787929013371,0.3746179938316345,0.029830671846866608,0.0009911787929013371,0.5662190318107605,0.3746179938316345,0.6254911295005253,0.006523385,0.38161126,0.03432162,0.0013046759,0.5735469,0.38161126,tanh,0.0,50,linear,0.3,16,<class 'keras.optimizers.Adam'>,10,0.01
50,0.17236533172073817,6.128607492428273e-05,0.04846220090985298,0.005488039460033178,6.128607492428273e-05,0.19270016252994537,0.04846220090985298,0.17367428703204033,0.0004109223,0.04876128,0.0067068054,8.218444e-05,0.19325358,0.04876128,tanh,0.0,50,linear,0.3,16,<class 'keras.optimizers.Adam'>,10,0.001
50,1.1397008562844897,0.05244184657931328,0.6624638438224792,0.2226046323776245,0.05244184657931328,0.7566782832145691,0.6624638438224792,1.3554344758154855,0.25876865,0.6677318,0.22107784,0.051753793,0.7611575,0.6677318,tanh,0.0,50,linear,0.3,16,<class 'keras.optimizers.Adam'>,10,0.1
50,0.013055811514190975,0.00010097597987623885,0.012954839505255222,0.0074667916633188725,0.00010097597987623885,0.07185095548629761,0.012954839505255222,0.013544828159039811,0.000502607,0.013042217,0.0074807727,0.00010052148,0.071730174,0.013042217,tanh,0.0,50,linear,0.3,16,<class 'keras.optimizers.SGD'>,10,0.0
50,0.6132263702059549,0.0057193259708583355,0.38115739822387695,0.0736837312579155,0.0057193259708583355,0.5707504749298096,0.38115739822387695,0.6329570492581715,0.008204749,0.3871926,0.035321068,0.001640948,0.5767103,0.3871926,tanh,0.0,50,linear,0.3,16,<class 'keras.optimizers.SGD'>,10,0.01
50,0.17663641255053264,7.051350985420868e-05,0.049300726503133774,0.00600602850317955,7.051350985420868e-05,0.1932561695575714,0.049300726503133774,0.1779541593222391,0.00037479194,0.050606783,0.0063118865,7.49584e-05,0.19639362,0.050606783,tanh,0.0,50,linear,0.3,16,<class 'keras.optimizers.SGD'>,10,0.001
50,1.176454688632299,0.04683907330036163,0.6634398698806763,0.20516188442707062,0.04683907330036163,0.7566511631011963,0.6634398698806763,1.3753513622851599,0.2732606,0.6692418,0.2210706,0.054652162,0.76142687,0.6692418,tanh,0.0,50,linear,0.3,16,<class 'keras.optimizers.SGD'>,10,0.1
50,0.0030605694258748184,5.830311783938669e-05,0.0030022673308849335,0.005420710891485214,5.830311783938669e-05,0.020047426223754883,0.00300226709805429,0.0032242071252392,0.00031705297,0.0029071558,0.005775351,6.3410516e-05,0.019573778,0.0029071558,tanh,0.0,50,linear,0.3,32,<class 'keras.optimizers.Adam'>,10,0.0
50,0.6136094619357396,0.0020278827287256718,0.3782583475112915,0.0435977466404438,0.0020278827287256718,0.5701271891593933,0.3782583475112915,0.6255094901436851,0.0065466254,0.38160998,0.03432721,0.0013093234,0.57356405,0.38160998,tanh,0.0,50,linear,0.3,32,<class 'keras.optimizers.Adam'>,10,0.01
50,0.17227313078585124,7.427371019730344e-05,0.04967290908098221,0.0062864902429282665,7.427371019730344e-05,0.19544032216072083,0.049672916531562805,0.17366306097024964,0.000408952,0.048785433,0.006686951,8.179037e-05,0.1933296,0.048785433,tanh,0.0,50,linear,0.3,32,<class 'keras.optimizers.Adam'>,10,0.001
50,1.1340692919398112,0.05390297248959541,0.6608820557594299,0.22600461542606354,0.05390297248959541,0.7557134032249451,0.6608820557594299,1.355451038810942,0.25877315,0.66773474,0.2210798,0.051754713,0.76116014,0.6677347,tanh,0.0,50,linear,0.3,32,<class 'keras.optimizers.Adam'>,10,0.1
50,0.010388487639526526,9.11758907022886e-05,0.010297310538589954,0.007186992559581995,9.11758907022886e-05,0.059845030307769775,0.010297312401235104,0.010914196524702545,0.0004669321,0.010447263,0.007286016,9.338635e-05,0.05981908,0.010447262,tanh,0.0,50,linear,0.3,32,<class 'keras.optimizers.SGD'>,10,0.0
50,0.6201757067725772,0.0017865009140223265,0.38362517952919006,0.03979526832699776,0.0017865009140223265,0.5728173851966858,0.38362517952919006,0.6328445053289807,0.008326762,0.38674065,0.035374552,0.0016653495,0.5761908,0.38674065,tanh,0.0,50,linear,0.3,32,<class 'keras.optimizers.SGD'>,10,0.01
50,0.176193972475945,6.137879972811788e-05,0.05125172808766365,0.005303725600242615,6.137879972811788e-05,0.1978127509355545,0.051251742988824844,0.1774334453637638,0.00037728547,0.050209384,0.0063390913,7.545697e-05,0.19552432,0.050209384,tanh,0.0,50,linear,0.3,32,<class 'keras.optimizers.SGD'>,10,0.001
50,1.0590803871079097,0.08421538025140762,0.6640825271606445,0.2818543016910553,0.08421538025140762,0.7567506432533264,0.6640824675559998,1.3744655897693028,0.27265468,0.66920614,0.22102894,0.05453097,0.76140064,0.66920614,tanh,0.0,50,linear,0.3,32,<class 'keras.optimizers.SGD'>,10,0.1
50,0.015157246462527722,0.00015275758050847799,0.015004484914243221,0.009374208748340607,0.00015275758050847799,0.07936542481184006,0.015004484914243221,0.016054880353696052,0.0007698109,0.015285071,0.009443143,0.00015396217,0.07977622,0.015285071,tanh,0.0,50,linear,0.03,4,<class 'keras.optimizers.Adam'>,10,0.0
50,0.6171426232845064,0.0013532987795770168,0.38077691197395325,0.03505482152104378,0.0013532987795770168,0.5715979933738708,0.38077691197395325,0.6266791656376823,0.006512913,0.38260052,0.03434979,0.0013025831,0.5738672,0.38260052,tanh,0.0,50,linear,0.03,4,<class 'keras.optimizers.Adam'>,10,0.01
50,0.17456126454330625,7.270985224749893e-05,0.04872479662299156,0.0061430782079696655,7.270985224749893e-05,0.19269715249538422,0.04872479662299156,0.17589632549456188,0.00036732605,0.04931368,0.006190144,7.3465264e-05,0.19409664,0.04931368,tanh,0.0,50,linear,0.03,4,<class 'keras.optimizers.Adam'>,10,0.001
50,1.1410530080870978,0.052527885884046555,0.66371089220047,0.22231154143810272,0.052527885884046555,0.7568200826644897,0.66371089220047,1.3570462430280352,0.25956762,0.66905534,0.22107844,0.051913507,0.7613678,0.66905534,tanh,0.0,50,linear,0.03,4,<class 'keras.optimizers.Adam'>,10,0.1
50,0.0304105069340458,0.0008492132183164358,0.029561281204223633,0.021675530821084976,0.0008492132183164358,0.12243243306875229,0.02956128492951393,0.03366247054839891,0.004324197,0.029338252,0.021896685,0.00086483965,0.12173291,0.029338252,tanh,0.0,50,linear,0.03,4,<class 'keras.optimizers.SGD'>,10,0.0
50,0.6339333657234434,0.0015298031503334641,0.38941946625709534,0.03490263223648071,0.0015298031503334641,0.5760982632637024,0.38941946625709534,0.6441951822193842,0.0076120165,0.39317203,0.034745015,0.0015224031,0.5799658,0.3931721,tanh,0.0,50,linear,0.03,4,<class 'keras.optimizers.SGD'>,10,0.01
50,0.2155915876229604,0.00024981561000458896,0.0711856260895729,0.01121840812265873,0.00024981561000458896,0.22882169485092163,0.0711856260895729,0.21749034663514485,0.0013050061,0.07181984,0.011564488,0.00026100109,0.23002966,0.07181984,tanh,0.0,50,linear,0.03,4,<class 'keras.optimizers.SGD'>,10,0.001
50,1.145627052443368,0.05982830002903938,0.6639809012413025,0.22117626667022705,0.05982830002903938,0.7567546963691711,0.6639809012413025,1.3915391768727983,0.30007124,0.6695612,0.22104745,0.06001422,0.76147825,0.6695612,tanh,0.0,50,linear,0.03,4,<class 'keras.optimizers.SGD'>,10,0.1
50,0.01014744183344264,0.00015768216690048575,0.00998975895345211,0.009363525547087193,0.00015768216690048575,0.05758634954690933,0.00998975895345211,0.0109058642238822,0.0007484313,0.010157423,0.009172005,0.00014968627,0.0576022,0.010157423,tanh,0.0,50,linear,0.03,8,<class 'keras.optimizers.Adam'>,10,0.0
50,0.6185538537918576,0.0011482173576951027,0.37970882654190063,0.03214588016271591,0.0011482173576951027,0.5710487961769104,0.37970882654190063,0.627246569688358,0.0064986963,0.3821622,0.034346957,0.0012997414,0.5737221,0.3821622,tanh,0.0,50,linear,0.03,8,<class 'keras.optimizers.Adam'>,10,0.01
50,0.17668673481260028,7.198128150776029e-05,0.04929452762007713,0.006108054891228676,7.198128150776029e-05,0.1940043568611145,0.04929453134536743,0.17804671748289985,0.00036835685,0.04922391,0.0062059117,7.367137e-05,0.1938819,0.04922391,tanh,0.0,50,linear,0.03,8,<class 'keras.optimizers.Adam'>,10,0.001
50,1.141432263737633,0.05218643322587013,0.6634261608123779,0.22189748287200928,0.05218643322587013,0.7572265863418579,0.6634261608123779,1.3560584199807,0.2592354,0.6678778,0.22107905,0.05184709,0.7611625,0.6678778,tanh,0.0,50,linear,0.03,8,<class 'keras.optimizers.Adam'>,10,0.1
50,0.02846132790344575,0.0005729905096814036,0.027888352051377296,0.01836267299950123,0.0005729905096814036,0.11751428991556168,0.027888352051377296,0.030380911524924968,0.0028517938,0.027529106,0.018290484,0.00057035923,0.11698644,0.027529102,tanh,0.0,50,linear,0.03,8,<class 'keras.optimizers.SGD'>,10,0.0
50,0.6367578000303299,0.0016525178216397762,0.39018774032592773,0.03532367944717407,0.0016525178216397762,0.5764263868331909,0.3901877701282501,0.647658414452795,0.008271892,0.39401323,0.035301395,0.001654378,0.58033067,0.39401317,tanh,0.0,50,linear,0.03,8,<class 'keras.optimizers.SGD'>,10,0.01
50,0.21108647523418306,0.00021668500266969204,0.05989087373018265,0.010528800077736378,0.00021668500266969204,0.21238550543785095,0.05989087000489235,0.21319413310478605,0.0010877755,0.060452912,0.010543501,0.00021755496,0.21339259,0.060452912,tanh,0.0,50,linear,0.03,8,<class 'keras.optimizers.SGD'>,10,0.001
50,1.1472322280444796,0.05722128972411156,0.6639657020568848,0.22103823721408844,0.05722128972411156,0.7569118142127991,0.66396564245224,1.3825007625988552,0.2870388,0.6693123,0.22106484,0.057407822,0.76147413,0.6693123,tanh,0.0,50,linear,0.03,8,<class 'keras.optimizers.SGD'>,10,0.1
50,0.007956995148514766,6.960698374314234e-05,0.007887385785579681,0.006135012488812208,6.960698374314234e-05,0.047232478857040405,0.007887386716902256,0.008438360891933184,0.0003486308,0.008089728,0.0062036635,6.972626e-05,0.047475126,0.008089726,tanh,0.0,50,linear,0.03,16,<class 'keras.optimizers.Adam'>,10,0.0
50,0.6170742161690242,0.0013025334337726235,0.3791632652282715,0.03446274995803833,0.0013025334337726235,0.5706200003623962,0.3791632652282715,0.6264173302858594,0.006489468,0.3818765,0.03435876,0.0012978937,0.5736712,0.3818765,tanh,0.0,50,linear,0.03,16,<class 'keras.optimizers.Adam'>,10,0.01
50,0.17634234603435275,6.588215183001012e-05,0.048158254474401474,0.005636516492813826,6.588215183001012e-05,0.19162152707576752,0.048158254474401474,0.1776697677515802,0.0003649891,0.049169663,0.0061347405,7.299783e-05,0.19397864,0.049169663,tanh,0.0,50,linear,0.03,16,<class 'keras.optimizers.Adam'>,10,0.001
50,1.145510959436023,0.051190633326768875,0.6618756055831909,0.2197975069284439,0.051190633326768875,0.756182849407196,0.6618756055831909,1.3561514730491335,0.2590318,0.6677961,0.22107868,0.05180636,0.7611673,0.6677961,tanh,0.0,50,linear,0.03,16,<class 'keras.optimizers.Adam'>,10,0.1
50,0.028099032707275852,0.00027551004313863814,0.02782352641224861,0.012222597375512123,0.00027551004313863814,0.10892806202173233,0.02782352641224861,0.02880249754377892,0.0013806488,0.027421854,0.012308708,0.00027613025,0.10838616,0.027421854,tanh,0.0,50,linear,0.03,16,<class 'keras.optimizers.SGD'>,10,0.0
50,0.641429888350623,0.0015415597008541226,0.38776934146881104,0.03457656875252724,0.0015415597008541226,0.5749861598014832,0.38776934146881104,0.6521413085952638,0.007874171,0.39169857,0.034961406,0.0015748331,0.5790231,0.39169857,tanh,0.0,50,linear,0.03,16,<class 'keras.optimizers.SGD'>,10,0.01
50,0.21368549593857356,0.00011664696648949757,0.0589565709233284,0.00782620906829834,0.00011664696648949757,0.21139976382255554,0.0589565709233284,0.2156175248206608,0.00057858875,0.059350803,0.0077809184,0.00011571769,0.21204248,0.05935081,tanh,0.0,50,linear,0.03,16,<class 'keras.optimizers.SGD'>,10,0.001
50,1.1466483417011442,0.055388882756233215,0.6644222140312195,0.2215079367160797,0.055388882756233215,0.7569411993026733,0.6644222140312195,1.3743865415217384,0.27646697,0.66971004,0.22104868,0.055293377,0.7614507,0.66971004,tanh,0.0,50,linear,0.03,16,<class 'keras.optimizers.SGD'>,10,0.1
50,0.005943700841568884,7.655896479263902e-05,0.0058671412989497185,0.006517818197607994,7.655896479263902e-05,0.04002542793750763,0.0058671412989497185,0.006252582400153938,0.00036308073,0.0058894996,0.0063043972,7.2616116e-05,0.039999213,0.0058894996,tanh,0.0,50,linear,0.03,32,<class 'keras.optimizers.Adam'>,10,0.0
50,0.6174573799920461,0.0011114374501630664,0.37552571296691895,0.03167714178562164,0.0011114374501630664,0.5675185322761536,0.37552571296691895,0.6259303679541935,0.006498903,0.38173196,0.03437642,0.0012997816,0.57361114,0.381732,tanh,0.0,50,linear,0.03,32,<class 'keras.optimizers.Adam'>,10,0.01
50,0.17559243833261823,0.00010507839760975912,0.05091293528676033,0.008365148678421974,0.00010507839760975912,0.19803015887737274,0.05091293528676033,0.1770073486462472,0.00036631955,0.04901575,0.0061845165,7.326398e-05,0.19381276,0.04901575,tanh,0.0,50,linear,0.03,32,<class 'keras.optimizers.Adam'>,10,0.001
50,1.1469211794081189,0.05072125419974327,0.6625378727912903,0.21872934699058533,0.05072125419974327,0.7566304802894592,0.6625378727912903,1.355662867568788,0.2589021,0.6677579,0.22108056,0.051780403,0.76116306,0.6677579,tanh,0.0,50,linear,0.03,32,<class 'keras.optimizers.Adam'>,10,0.1
50,0.020204985194972585,0.0002941395214293152,0.019910847768187523,0.013316130265593529,0.0002941395214293152,0.09594070166349411,0.019910849630832672,0.021157427170565204,0.0014739326,0.019683503,0.013358625,0.00029478647,0.09536017,0.019683503,tanh,0.0,50,linear,0.03,32,<class 'keras.optimizers.SGD'>,10,0.0
50,0.6435603585508135,0.0015179896727204323,0.38914090394973755,0.034862909466028214,0.0015179896727204323,0.5762426853179932,0.38914087414741516,0.6540811847599726,0.0076558925,0.39278457,0.03500643,0.0015311785,0.5800108,0.39278454,tanh,0.0,50,linear,0.03,32,<class 'keras.optimizers.SGD'>,10,0.01
50,0.21799868042506867,9.100630995817482e-05,0.05855117738246918,0.007063685450702906,9.100630995817482e-05,0.2125438153743744,0.05855117738246918,0.21964384376529664,0.00046295457,0.05886413,0.007147191,9.259087e-05,0.21333449,0.05886413,tanh,0.0,50,linear,0.03,32,<class 'keras.optimizers.SGD'>,10,0.001
50,1.1470042472793942,0.05501573905348778,0.6636276245117188,0.22110573947429657,0.05501573905348778,0.7568098306655884,0.6636276245117188,1.373225483534828,0.27561963,0.6690194,0.22111608,0.055123955,0.7614112,0.6690194,tanh,0.0,50,linear,0.03,32,<class 'keras.optimizers.SGD'>,10,0.1
50,0.22721324369074805,0.008962306194007397,0.21825096011161804,0.07869255542755127,0.008962306194007397,0.3287142217159271,0.21825094521045685,0.26845539440474814,0.046314057,0.2221412,0.07983863,0.00926281,0.33238462,0.2221412,tanh,0.0,50,linear,0.003,4,<class 'keras.optimizers.Adam'>,10,0.0
50,0.7592303986587222,0.005723217036575079,0.4394494295120239,0.062412068247795105,0.005723217036575079,0.6111172437667847,0.4394494295120239,0.7908832395360583,0.030167304,0.44543186,0.06392606,0.006033466,0.616437,0.44543186,tanh,0.0,50,linear,0.003,4,<class 'keras.optimizers.Adam'>,10,0.01
50,0.31508423203513736,0.00804293341934681,0.10601365566253662,0.07454352080821991,0.00804293341934681,0.2764398455619812,0.10601364821195602,0.3501857272925831,0.040886153,0.10751984,0.07535804,0.008177218,0.27919325,0.10751984,tanh,0.0,50,linear,0.003,4,<class 'keras.optimizers.Adam'>,10,0.001
50,2.2769403325186834,0.06857900321483612,0.6641306281089783,0.23730187118053436,0.06857900321483612,0.7569564580917358,0.6641306281089783,2.5773982121830894,0.3431315,0.6695096,0.23695733,0.06862625,0.7615704,0.6695096,tanh,0.0,50,linear,0.003,4,<class 'keras.optimizers.Adam'>,10,0.1
50,0.1399866775151283,0.012730397284030914,0.12725628912448883,0.09500890225172043,0.012730397284030914,0.2874757945537567,0.12725628912448883,0.19485609942958468,0.06444888,0.1304072,0.0953515,0.012889785,0.29128876,0.1304072,tanh,0.0,50,linear,0.003,4,<class 'keras.optimizers.SGD'>,10,0.0
50,0.8781675297116477,0.01613212563097477,0.44978898763656616,0.10674887895584106,0.01613212563097477,0.618109405040741,0.4497889578342438,0.9503508847384226,0.08153397,0.4551905,0.10746378,0.016306803,0.6230999,0.4551905,tanh,0.0,50,linear,0.003,4,<class 'keras.optimizers.SGD'>,10,0.01
50,0.3345735877279251,0.004573244135826826,0.16394351422786713,0.05630801245570183,0.004573244135826826,0.34746283292770386,0.16394352912902832,0.3568687618488357,0.023473348,0.16710338,0.057299495,0.004694674,0.35128722,0.16710338,tanh,0.0,50,linear,0.003,4,<class 'keras.optimizers.SGD'>,10,0.001
50,1.2377339285517497,0.06423049420118332,0.6648329496383667,0.22211754322052002,0.06423049420118332,0.7572323083877563,0.6648329496383667,1.5049859118840052,0.3235803,0.67030245,0.22267516,0.06471607,0.7618846,0.6703025,tanh,0.0,50,linear,0.003,4,<class 'keras.optimizers.SGD'>,10,0.1
50,0.03208976587694552,0.0009664169629104435,0.031123345717787743,0.02446884661912918,0.0009664169629104435,0.12376800179481506,0.031123345717787743,0.03573135667968364,0.0049082665,0.030823108,0.024655078,0.0009816533,0.12286969,0.030823112,tanh,0.0,50,linear,0.003,8,<class 'keras.optimizers.Adam'>,10,0.0
50,0.8471514575065129,0.0025774622336030006,0.397701621055603,0.04489896073937416,0.0025774622336030006,0.5815660357475281,0.397701621055603,0.86577084731488,0.013013896,0.40162954,0.045015715,0.0026027798,0.58553326,0.4016295,tanh,0.0,50,linear,0.003,8,<class 'keras.optimizers.Adam'>,10,0.01
50,0.2795478475472284,0.00043820199789479375,0.11119987815618515,0.015651166439056396,0.00043820199789479375,0.28387323021888733,0.11119987815618515,0.285141549957177,0.0022634435,0.11413243,0.015927617,0.00045268863,0.28787547,0.11413243,tanh,0.0,50,linear,0.003,8,<class 'keras.optimizers.Adam'>,10,0.001
50,3.0177566270979623,0.06954652070999146,0.664204478263855,0.24549512565135956,0.06954652070999146,0.7571420073509216,0.664204478263855,3.336777151198614,0.3507043,0.66957015,0.24634218,0.07014088,0.7617294,0.6695701,tanh,0.0,50,linear,0.003,8,<class 'keras.optimizers.Adam'>,10,0.1
50,0.10391444164136099,0.001491332659497857,0.10242309421300888,0.03075646609067917,0.001491332659497857,0.2690926492214203,0.10242309421300888,0.11206139564395896,0.0076293484,0.10443204,0.03114586,0.0015258662,0.2720463,0.104432024,tanh,0.0,50,linear,0.003,8,<class 'keras.optimizers.SGD'>,10,0.0
50,0.8653201199713207,0.003024206729605794,0.44217902421951294,0.044793061912059784,0.003024206729605794,0.6125781536102295,0.44217902421951294,0.8835644645823373,0.015222237,0.44720232,0.04495259,0.0030444441,0.6172416,0.44720232,tanh,0.0,50,linear,0.003,8,<class 'keras.optimizers.SGD'>,10,0.01
50,0.335662123655516,0.00776610616594553,0.13306383788585663,0.07358085364103317,0.00776610616594553,0.31029948592185974,0.13306382298469543,0.37114036717112103,0.040075004,0.13522911,0.074629545,0.008015002,0.31311065,0.13522911,tanh,0.0,50,linear,0.003,8,<class 'keras.optimizers.SGD'>,10,0.001
50,1.2325074538351997,0.05999516695737839,0.664189338684082,0.22181621193885803,0.05999516695737839,0.7568112015724182,0.664189338684082,1.4806821317899794,0.30009848,0.6695471,0.22152625,0.060019653,0.76142365,0.6695471,tanh,0.0,50,linear,0.003,8,<class 'keras.optimizers.SGD'>,10,0.1
50,0.0186006404237733,0.00032978993840515614,0.018270857632160187,0.013939731754362583,0.00032978993840515614,0.09210041910409927,0.018270857632160187,0.01986045855363565,0.0016515808,0.018208887,0.013960864,0.00033031625,0.09180456,0.018208887,tanh,0.0,50,linear,0.003,16,<class 'keras.optimizers.Adam'>,10,0.0
50,0.8038343601756626,0.001887753140181303,0.3903332054615021,0.0401887483894825,0.001887753140181303,0.577445924282074,0.3903331756591797,0.8191700659100971,0.009493538,0.39409998,0.04032893,0.0018987062,0.5813208,0.39409998,tanh,0.0,50,linear,0.003,16,<class 'keras.optimizers.Adam'>,10,0.01
50,0.2180465930511081,0.00012112400872865692,0.06001570448279381,0.008170269429683685,0.00012112400872865692,0.2154688537120819,0.06001570448279381,0.2201862148112721,0.0006164732,0.060318526,0.008254582,0.00012329462,0.21606322,0.060318533,tanh,0.0,50,linear,0.003,16,<class 'keras.optimizers.Adam'>,10,0.001
50,2.4733078752245223,0.06036878749728203,0.6639023423194885,0.2364126592874527,0.06036878749728203,0.7568672895431519,0.6639023423194885,2.7464755682718187,0.3032181,0.6693312,0.2367558,0.060643606,0.7614794,0.6693313,tanh,0.0,50,linear,0.003,16,<class 'keras.optimizers.Adam'>,10,0.1
50,0.04873419798437565,0.0008505819132551551,0.04788362607359886,0.02351672388613224,0.0008505819132551551,0.16292184591293335,0.04788362607359886,0.05265124722842186,0.004327476,0.048323784,0.023747902,0.00086549483,0.16429627,0.048323784,tanh,0.0,50,linear,0.003,16,<class 'keras.optimizers.SGD'>,10,0.0
50,0.9680593520875961,0.002297536935657263,0.4236823320388794,0.04015068709850311,0.002297536935657263,0.6020234823226929,0.4236823320388794,0.9868587202495999,0.011684309,0.42757335,0.0405092,0.0023368616,0.60597944,0.42757335,tanh,0.0,50,linear,0.003,16,<class 'keras.optimizers.SGD'>,10,0.01
50,0.41482804228389075,0.0004225868615321815,0.1180107370018959,0.015742262825369835,0.0004225868615321815,0.3063035011291504,0.1180107444524765,0.4206874172602381,0.0021348067,0.11930907,0.015941793,0.00042696137,0.3082144,0.11930907,tanh,0.0,50,linear,0.003,16,<class 'keras.optimizers.SGD'>,10,0.001
50,1.2623380386640155,0.05646982789039612,0.6638947129249573,0.2219262272119522,0.05646982789039612,0.7568014860153198,0.6638946533203125,1.4965508345573668,0.2825928,0.6692755,0.22179951,0.056518525,0.76139414,0.6692755,tanh,0.0,50,linear,0.003,16,<class 'keras.optimizers.SGD'>,10,0.1
50,0.014326249997294139,0.00010736128024291247,0.014218891970813274,0.00797391775995493,0.00010736128024291247,0.07789582014083862,0.014218891970813274,0.01477223425726628,0.00054550194,0.014226737,0.00802946,0.00010910034,0.077390365,0.0142267365,tanh,0.0,50,linear,0.003,32,<class 'keras.optimizers.Adam'>,10,0.0
50,0.7434756103016081,0.0015849503688514233,0.3838765323162079,0.03763284534215927,0.0015849503688514233,0.5735832452774048,0.3838765323162079,0.7560333191875428,0.008106787,0.38759422,0.038078055,0.001621358,0.5774426,0.38759425,tanh,0.0,50,linear,0.003,32,<class 'keras.optimizers.Adam'>,10,0.01
50,0.21183730775401705,0.00010447949171066284,0.05242374911904335,0.007602264638990164,0.00010447949171066284,0.2008846551179886,0.05242375656962395,0.21400221423024224,0.0005163304,0.052978728,0.007433319,0.00010326618,0.20205039,0.05297872,tanh,0.0,50,linear,0.003,32,<class 'keras.optimizers.Adam'>,10,0.001
50,2.0976956893527317,0.05801515653729439,0.6633254289627075,0.23326319456100464,0.05801515653729439,0.7567130327224731,0.6633253693580627,2.3560575224104383,0.29160306,0.6687846,0.23378803,0.058320522,0.7613462,0.6687846,tanh,0.0,50,linear,0.003,32,<class 'keras.optimizers.Adam'>,10,0.1
50,0.036925365154941873,0.0002886270813178271,0.03663674741983414,0.013312248513102531,0.0002886270813178271,0.13460491597652435,0.03663674741983414,0.037749508837799706,0.0014805002,0.036269017,0.01346166,0.00029610022,0.1340353,0.036269017,tanh,0.0,50,linear,0.003,32,<class 'keras.optimizers.SGD'>,10,0.0
50,0.9499051707131522,0.0021430670749396086,0.4288085401058197,0.04059205204248428,0.0021430670749396086,0.6045283675193787,0.4288085401058197,0.9646022290464431,0.010742488,0.4331566,0.040640984,0.0021484992,0.60879064,0.4331566,tanh,0.0,50,linear,0.003,32,<class 'keras.optimizers.SGD'>,10,0.01
50,0.38101107137543816,0.00032350735273212194,0.11088796705007553,0.01371702179312706,0.00032350735273212194,0.2930174469947815,0.11088796705007553,0.386003426355975,0.0016338389,0.11225517,0.01384908,0.0003267679,0.29517382,0.11225517,tanh,0.0,50,linear,0.003,32,<class 'keras.optimizers.SGD'>,10,0.001
50,1.269725147315434,0.0594325065612793,0.6644740104675293,0.22218099236488342,0.0594325065612793,0.7570983171463013,0.6644740104675293,1.5166627313409533,0.2979049,0.6698804,0.2221872,0.059581,0.76170564,0.6698804,tanh,0.0,50,linear,0.003,32,<class 'keras.optimizers.SGD'>,10,0.1
50,0.806869004548542,0.02974575012922287,0.7771233320236206,0.1317003071308136,0.02974575012922287,0.8041483163833618,0.7771232724189758,0.9331393106589242,0.14860952,0.7845306,0.13166599,0.029721893,0.80951154,0.78453064,tanh,0.0,50,linear,0.0003,4,<class 'keras.optimizers.Adam'>,10,0.0
50,1.7061862184887842,0.20078293979167938,0.6370428800582886,0.4296773672103882,0.20078293979167938,0.7025042772293091,0.6370428800582886,2.5232303280679007,1.006316,0.6429075,0.42982504,0.2012632,0.7068123,0.6429075,tanh,0.0,50,linear,0.0003,4,<class 'keras.optimizers.Adam'>,10,0.01
50,0.7634040787106469,0.13305777311325073,0.5642837882041931,0.30401307344436646,0.13305777311325073,0.6843868494033813,0.5642837882041931,1.306391998652428,0.6713051,0.5686361,0.30567896,0.13426082,0.68830055,0.5686361,tanh,0.0,50,linear,0.0003,4,<class 'keras.optimizers.Adam'>,10,0.001
50,7.98178877754817,0.19872169196605682,0.7835087776184082,0.3759414553642273,0.19872169196605682,0.8168696165084839,0.7835087776184082,8.87183055801997,0.99691,0.7916993,0.37793866,0.19938162,0.82277447,0.7916993,tanh,0.0,50,linear,0.0003,4,<class 'keras.optimizers.Adam'>,10,0.1
50,0.5394274832710387,0.028636708855628967,0.5107910633087158,0.14382211863994598,0.028636708855628967,0.6412060856819153,0.5107910633087158,0.6604808151721955,0.14432718,0.51615363,0.1443467,0.028865455,0.64559567,0.51615363,tanh,0.0,50,linear,0.0003,4,<class 'keras.optimizers.SGD'>,10,0.0
50,1.3990996196156456,0.025048712268471718,0.7111966013908386,0.1332411766052246,0.025048712268471718,0.77324378490448,0.7111966013908386,1.5113539292698814,0.12692064,0.717331,0.1340545,0.02538414,0.7781682,0.717331,tanh,0.0,50,linear,0.0003,4,<class 'keras.optimizers.SGD'>,10,0.01
50,0.8894759419418516,0.016222521662712097,0.7599869966506958,0.1042986661195755,0.016222521662712097,0.7953019738197327,0.7599869966506958,0.9644764212861894,0.08184124,0.7685567,0.10514611,0.01636823,0.8011164,0.7685567,tanh,0.0,50,linear,0.0003,4,<class 'keras.optimizers.SGD'>,10,0.001
50,2.858364725112915,0.07456324994564056,0.6768651604652405,0.24323631823062897,0.07456324994564056,0.7647026777267456,0.6768651604652405,3.1768810890969776,0.37420696,0.6821871,0.24348418,0.07484137,0.76916945,0.68218714,tanh,0.0,50,linear,0.0003,4,<class 'keras.optimizers.SGD'>,10,0.1
50,1.0052576604343595,0.2829454839229584,0.7223122119903564,0.4472517669200897,0.2829454839229584,0.7758716940879822,0.7223122119903564,2.1864466598109593,1.4588171,0.7276293,0.4556007,0.29176372,0.7804808,0.7276293,tanh,0.0,50,linear,0.0003,8,<class 'keras.optimizers.Adam'>,10,0.0
50,2.496404999399942,0.05924127995967865,0.7442686557769775,0.20928803086280823,0.05924127995967865,0.8044722080230713,0.744268536567688,2.7553052690294053,0.30232093,0.75387174,0.2114123,0.06046417,0.8108206,0.75387174,tanh,0.0,50,linear,0.0003,8,<class 'keras.optimizers.Adam'>,10,0.01
50,1.329603009753757,0.521057665348053,0.6445651650428772,0.6646374464035034,0.521057665348053,0.7225763201713562,0.6445650458335876,3.454424614944155,2.6421812,0.6473787,0.6715856,0.5284364,0.72535926,0.6473786,tanh,0.0,50,linear,0.0003,8,<class 'keras.optimizers.Adam'>,10,0.001
50,12.404698114546518,0.3251480162143707,0.6941854357719421,0.5375359058380127,0.3251480162143707,0.7681251764297485,0.6941853761672974,13.814062290343028,1.6353457,0.69999534,0.5381944,0.32706913,0.77245826,0.69999534,tanh,0.0,50,linear,0.0003,8,<class 'keras.optimizers.Adam'>,10,0.1
50,0.5550825257149954,0.025347402319312096,0.5297350883483887,0.128786101937294,0.025347402319312096,0.657954216003418,0.5297350883483887,0.6637814026030283,0.12534778,0.53843385,0.12825766,0.02506954,0.6645809,0.5384339,tanh,0.0,50,linear,0.0003,8,<class 'keras.optimizers.SGD'>,10,0.0
50,1.5776500773808313,0.01510799303650856,0.6161841750144958,0.10558340698480606,0.01510799303650856,0.7203457355499268,0.6161842346191406,1.6478465902426886,0.0767539,0.62143147,0.106303565,0.015350792,0.72457904,0.62143147,tanh,0.0,50,linear,0.0003,8,<class 'keras.optimizers.SGD'>,10,0.01
50,0.6047345748023382,0.010046775452792645,0.4311206042766571,0.08006779849529266,0.010046775452792645,0.6044551134109497,0.4311206042766571,0.651638303058488,0.050253328,0.43719265,0.08023765,0.010050661,0.6098737,0.43719265,tanh,0.0,50,linear,0.0003,8,<class 'keras.optimizers.SGD'>,10,0.001
50,3.679136842394632,0.07277476042509079,0.6793016195297241,0.2459018975496292,0.07277476042509079,0.767449676990509,0.6793016195297241,4.0169603029886884,0.36576003,0.6849099,0.24663462,0.07315188,0.7721397,0.6849099,tanh,0.0,50,linear,0.0003,8,<class 'keras.optimizers.SGD'>,10,0.1
50,0.24771416173094796,0.020780187100172043,0.22693391144275665,0.11682802438735962,0.020780187100172043,0.4068455696105957,0.22693391144275665,0.33754563648549335,0.10508618,0.23245947,0.11729029,0.02101724,0.41264752,0.23245947,tanh,0.0,50,linear,0.0003,16,<class 'keras.optimizers.Adam'>,10,0.0
50,2.2253872413483875,0.01152943354099989,0.6202212572097778,0.08482397347688675,0.01152943354099989,0.7222775816917419,0.6202212572097778,2.300582626509288,0.058589246,0.62846595,0.08521932,0.011717859,0.72828126,0.62846595,tanh,0.0,50,linear,0.0003,16,<class 'keras.optimizers.Adam'>,10,0.01
50,0.8960687932514009,0.025861041620373726,0.6677194237709045,0.12927110493183136,0.025861041620373726,0.7526743412017822,0.6677194237709045,1.013358070784145,0.13261005,0.67736816,0.13054991,0.026522022,0.7593328,0.67736816,tanh,0.0,50,linear,0.0003,16,<class 'keras.optimizers.Adam'>,10,0.001
50,16.096714047023227,0.15428374707698822,0.716090977191925,0.3553723394870758,0.15428374707698822,0.7856953740119934,0.716090977191925,16.935438921338037,0.7605222,0.7230849,0.35228476,0.15210451,0.791262,0.7230849,tanh,0.0,50,linear,0.0003,16,<class 'keras.optimizers.Adam'>,10,0.1
50,0.49313286221216596,0.010783173143863678,0.4823494553565979,0.08637995272874832,0.010783173143863678,0.5730342268943787,0.4823494553565979,0.5446905373580873,0.05460681,0.49008366,0.0869696,0.010921348,0.57844037,0.49008366,tanh,0.0,50,linear,0.0003,16,<class 'keras.optimizers.SGD'>,10,0.0
50,1.9305420739310128,0.01705498807132244,0.5298454165458679,0.10564351081848145,0.01705498807132244,0.6523304581642151,0.5298453569412231,2.019798515713404,0.08574314,0.53537524,0.10563981,0.017148625,0.65682316,0.53537524,tanh,0.0,50,linear,0.0003,16,<class 'keras.optimizers.SGD'>,10,0.01
50,0.7180896896218497,0.009025337174534798,0.4423230290412903,0.07585274428129196,0.009025337174534798,0.5964623093605042,0.4423229992389679,0.762339947337196,0.046557285,0.44700715,0.07665221,0.009311459,0.6004669,0.44700715,tanh,0.0,50,linear,0.0003,16,<class 'keras.optimizers.SGD'>,10,0.001
50,3.5575033414931525,0.07126493006944656,0.676437258720398,0.2473897486925125,0.07126493006944656,0.7634498476982117,0.6764373183250427,3.8708381983968945,0.35795897,0.6819785,0.24764775,0.07159183,0.7681003,0.6819785,tanh,0.0,50,linear,0.0003,16,<class 'keras.optimizers.SGD'>,10,0.1
50,0.08869838183597913,0.0007876163581386209,0.08791077882051468,0.021238289773464203,0.0007876163581386209,0.234574556350708,0.08791077136993408,0.09424215886032297,0.0039820815,0.09026005,0.021475175,0.0007964161,0.2385786,0.09026005,tanh,0.0,50,linear,0.0003,32,<class 'keras.optimizers.Adam'>,10,0.0
50,2.471436455893138,0.00702998461201787,0.57537841796875,0.07328043133020401,0.00702998461201787,0.7031132578849792,0.57537841796875,2.5225285244366478,0.03446331,0.58091205,0.07246323,0.0068926597,0.7078419,0.58091205,tanh,0.0,50,linear,0.0003,32,<class 'keras.optimizers.Adam'>,10,0.01
50,0.5517202648851607,0.0009875535033643246,0.2190885990858078,0.023236112669110298,0.0009875535033643246,0.41373035311698914,0.2190885990858078,0.5615858630055472,0.0048321434,0.22297487,0.02308226,0.000966428,0.41825897,0.22297487,tanh,0.0,50,linear,0.0003,32,<class 'keras.optimizers.Adam'>,10,0.001
50,14.500789067101858,0.09790143370628357,0.7226310968399048,0.2993420362472534,0.09790143370628357,0.7863207459449768,0.72263103723526,15.060954656298199,0.4888109,0.7281995,0.29866818,0.09776218,0.7908691,0.7281995,tanh,0.0,50,linear,0.0003,32,<class 'keras.optimizers.Adam'>,10,0.1
50,0.32357277737723456,0.003354553133249283,0.3202182352542877,0.04677113518118858,0.003354553133249283,0.4825664162635803,0.3202182352542877,0.34269452196738076,0.017128032,0.3255664,0.04717415,0.0034256089,0.48803586,0.3255664,tanh,0.0,50,linear,0.0003,32,<class 'keras.optimizers.SGD'>,10,0.0
50,2.332334888170636,0.01021582167595625,0.5829172730445862,0.08392694592475891,0.01021582167595625,0.7030763626098633,0.5829172730445862,2.3936184198137314,0.05085192,0.5878212,0.08386732,0.010170388,0.7073976,0.5878211,tanh,0.0,50,linear,0.0003,32,<class 'keras.optimizers.SGD'>,10,0.01
50,0.6065780709660242,0.002163943136110902,0.29177090525627136,0.036312662065029144,0.002163943136110902,0.475627601146698,0.29177090525627136,0.6214354824925226,0.010717301,0.2953491,0.03627959,0.0021434615,0.47940522,0.2953491,tanh,0.0,50,linear,0.0003,32,<class 'keras.optimizers.SGD'>,10,0.001
50,4.003478757918827,0.07140745222568512,0.6761739253997803,0.2467462718486786,0.07140745222568512,0.7639477252960205,0.6761739253997803,4.31458723639685,0.357476,0.68188435,0.24659765,0.071495116,0.76859444,0.6818844,tanh,0.0,50,linear,0.0003,32,<class 'keras.optimizers.SGD'>,10,0.1
100,0.006219672986734954,8.342436922248453e-05,0.006136249750852585,0.006815372966229916,8.342436922248453e-05,0.04275676608085632,0.006136249750852585,0.006563215859286074,0.00041968524,0.0061435285,0.006853525,8.393712e-05,0.042645205,0.0061435285,tanh,0.0,100,linear,0.3,4,<class 'keras.optimizers.Adam'>,10,0.0
100,0.6154782490124778,0.0014581611612811685,0.37509140372276306,0.036778271198272705,0.0014581611612811685,0.5676165223121643,0.37509140372276306,0.6254288132701601,0.006510379,0.38161528,0.034316983,0.001302076,0.57353234,0.38161528,tanh,0.0,100,linear,0.3,4,<class 'keras.optimizers.Adam'>,10,0.01
100,0.17227528989315033,7.88719262345694e-05,0.04738214239478111,0.006543615832924843,7.88719262345694e-05,0.18961448967456818,0.04738214239478111,0.17362713261492668,0.00038993027,0.04879969,0.0064685717,7.7986064e-05,0.19299187,0.048799686,tanh,0.0,100,linear,0.3,4,<class 'keras.optimizers.Adam'>,10,0.001
100,1.1423513062416562,0.0517721101641655,0.6636465191841125,0.2214915007352829,0.0517721101641655,0.7572672367095947,0.6636465787887573,1.3553568331022112,0.2587255,0.6677263,0.22107972,0.051745042,0.76115876,0.6677263,tanh,0.0,100,linear,0.3,4,<class 'keras.optimizers.Adam'>,10,0.1
100,0.014667174180171319,0.00013264091103337705,0.014534535817801952,0.008557723835110664,0.00013264091103337705,0.07830885052680969,0.014534535817801952,0.015393847745237133,0.00067118026,0.014722676,0.00863554,0.0001342361,0.07843098,0.014722676,tanh,0.0,100,linear,0.3,4,<class 'keras.optimizers.SGD'>,10,0.0
100,0.6149367821595025,0.0038012443110346794,0.38335520029067993,0.05997217074036598,0.0038012443110346794,0.5725918412208557,0.38335517048835754,0.6312179404118704,0.007364375,0.38648826,0.034655564,0.0014728759,0.57609534,0.3864883,tanh,0.0,100,linear,0.3,4,<class 'keras.optimizers.SGD'>,10,0.01
100,0.1750166661682583,8.119794802041724e-05,0.04911915957927704,0.006700183264911175,8.119794802041724e-05,0.19240759313106537,0.04911916330456734,0.17636261429815064,0.00038664555,0.0506148,0.0064212573,7.7329154e-05,0.19585751,0.0506148,tanh,0.0,100,linear,0.3,4,<class 'keras.optimizers.SGD'>,10,0.001
100,1.14984078823574,0.05267142131924629,0.6639811396598816,0.2190510332584381,0.05267142131924629,0.7568498253822327,0.6639811396598816,1.374183626875045,0.27225438,0.6693379,0.22107686,0.054450843,0.7614146,0.6693379,tanh,0.0,100,linear,0.3,4,<class 'keras.optimizers.SGD'>,10,0.1
100,0.004434235701300499,6.509509694296867e-05,0.004369140602648258,0.0059275138191878796,6.509509694296867e-05,0.03020394593477249,0.004369140602648258,0.004698856657792238,0.0003387374,0.0043601138,0.0060868836,6.7747445e-05,0.030000871,0.0043601138,tanh,0.0,100,linear,0.3,8,<class 'keras.optimizers.Adam'>,10,0.0
100,0.6160026345934186,0.0013313789386302233,0.3833087384700775,0.03472769632935524,0.0013313789386302233,0.5747636556625366,0.3833087384700775,0.6254332875448559,0.006517794,0.38158,0.03431949,0.0013035589,0.57354003,0.38158,tanh,0.0,100,linear,0.3,8,<class 'keras.optimizers.Adam'>,10,0.01
100,0.17241133271701753,5.890133252250962e-05,0.048911746591329575,0.005305194295942783,5.890133252250962e-05,0.19397199153900146,0.048911746591329575,0.17360409783228994,0.00039617842,0.04873497,0.0065575833,7.9235724e-05,0.19321911,0.048734978,tanh,0.0,100,linear,0.3,8,<class 'keras.optimizers.Adam'>,10,0.001
100,1.1386652142282516,0.05270422622561455,0.6635662317276001,0.22308044135570526,0.05270422622561455,0.7575924396514893,0.6635662317276001,1.355379606523211,0.25872785,0.6677279,0.22107936,0.051745612,0.76116,0.6677279,tanh,0.0,100,linear,0.3,8,<class 'keras.optimizers.Adam'>,10,0.1
100,0.010222819666673858,0.00011952955537708476,0.01010329183191061,0.008319240994751453,0.00011952955537708476,0.05988205224275589,0.01010329183191061,0.01085446420170012,0.00059220503,0.010262254,0.008263769,0.00011844099,0.05999685,0.010262254,tanh,0.0,100,linear,0.3,8,<class 'keras.optimizers.SGD'>,10,0.0
100,0.6271020550576467,0.0006596499006263912,0.387789785861969,0.02297251671552658,0.0006596499006263912,0.5754823684692383,0.387789785861969,0.6339433361140508,0.007674194,0.39062983,0.034797136,0.0015348385,0.5785085,0.39062983,tanh,0.0,100,linear,0.3,8,<class 'keras.optimizers.SGD'>,10,0.01
100,0.17459367210902865,8.284569048555568e-05,0.050084568560123444,0.006879849825054407,8.284569048555568e-05,0.19489337503910065,0.050084568560123444,0.1760713872928468,0.00045509025,0.05035041,0.0072008464,9.1018024e-05,0.19537064,0.05035041,tanh,0.0,100,linear,0.3,8,<class 'keras.optimizers.SGD'>,10,0.001
100,1.096153216134934,0.0682956725358963,0.6638334393501282,0.25212204456329346,0.0682956725358963,0.7567160725593567,0.6638334393501282,1.3743568970097435,0.27235427,0.6692984,0.2210852,0.054470856,0.7614187,0.66929847,tanh,0.0,100,linear,0.3,8,<class 'keras.optimizers.SGD'>,10,0.1
100,0.0029635339321906766,5.843291728524491e-05,0.002905102213844657,0.005486584268510342,5.843291728524491e-05,0.018412044271826744,0.0029051019810140133,0.0031111551769306914,0.00029869156,0.002812462,0.005525443,5.9738264e-05,0.017752875,0.002812462,tanh,0.0,100,linear,0.3,16,<class 'keras.optimizers.Adam'>,10,0.0
100,0.6165616455532256,0.0011661475291475654,0.37656766176223755,0.03254598006606102,0.0011661475291475654,0.5683355331420898,0.37656766176223755,0.625451733290203,0.006514905,0.38159356,0.034327496,0.0013029797,0.57355,0.38159356,tanh,0.0,100,linear,0.3,16,<class 'keras.optimizers.Adam'>,10,0.01
100,0.17212309962700284,9.516165300738066e-05,0.04865080118179321,0.007540958002209663,9.516165300738066e-05,0.19301019608974457,0.04865080118179321,0.17360198070842123,0.00040750642,0.048730556,0.0066801826,8.15013e-05,0.19328396,0.048730556,tanh,0.0,100,linear,0.3,16,<class 'keras.optimizers.Adam'>,10,0.001
100,1.1386910010897924,0.05269002169370651,0.6628546118736267,0.223209947347641,0.05269002169370651,0.7570816874504089,0.6628546118736267,1.3553610640858846,0.25872305,0.6677188,0.22107992,0.051744673,0.7611574,0.6677188,tanh,0.0,100,linear,0.3,16,<class 'keras.optimizers.Adam'>,10,0.1
100,0.008629259066877976,8.510572661180049e-05,0.008544155396521091,0.006880676373839378,8.510572661180049e-05,0.0528203584253788,0.008544156327843666,0.00909774941687901,0.00042860498,0.008669149,0.006921489,8.572088e-05,0.05270144,0.008669149,tanh,0.0,100,linear,0.3,16,<class 'keras.optimizers.SGD'>,10,0.0
100,0.6170045629380241,0.0023234542459249496,0.3785848617553711,0.04611906409263611,0.0023234542459249496,0.5690082311630249,0.3785848915576935,0.6311702049440808,0.008279072,0.3845497,0.03532202,0.0016558142,0.5749768,0.38454968,tanh,0.0,100,linear,0.3,16,<class 'keras.optimizers.SGD'>,10,0.01
100,0.1743103752060542,8.926575537770987e-05,0.047828394919633865,0.007319508120417595,8.926575537770987e-05,0.18964549899101257,0.047828394919633865,0.17560765666384545,0.00037711108,0.04975975,0.0063234335,7.5422235e-05,0.19412643,0.04975975,tanh,0.0,100,linear,0.3,16,<class 'keras.optimizers.SGD'>,10,0.001
100,1.115338272897024,0.06199629604816437,0.6635430455207825,0.23929700255393982,0.06199629604816437,0.7567266821861267,0.6635430455207825,1.3743967002346402,0.27251485,0.66892177,0.22109276,0.05450294,0.7613373,0.66892177,tanh,0.0,100,linear,0.3,16,<class 'keras.optimizers.SGD'>,10,0.1
100,0.002471721343075236,6.594287697225809e-05,0.0024057787377387285,0.006110537331551313,6.594287697225809e-05,0.016184819862246513,0.0024057787377387285,0.002693024592932373,0.000304798,0.0023882294,0.005699552,6.095957e-05,0.017147504,0.0023882294,tanh,0.0,100,linear,0.3,32,<class 'keras.optimizers.Adam'>,10,0.0
100,0.6160431572369167,0.0013365726917982101,0.3714474141597748,0.0348910354077816,0.0013365726917982101,0.5642185807228088,0.3714474141597748,0.6254190130839272,0.006509626,0.38155127,0.034320515,0.0013019243,0.5735182,0.38155124,tanh,0.0,100,linear,0.3,32,<class 'keras.optimizers.Adam'>,10,0.01
100,0.17215583712335616,9.421670984011143e-05,0.04889894649386406,0.007578557822853327,9.421670984011143e-05,0.19394029676914215,0.04889894649386406,0.17359066769953757,0.0003941878,0.048755206,0.0065391874,7.8837526e-05,0.19323158,0.048755206,tanh,0.0,100,linear,0.3,32,<class 'keras.optimizers.Adam'>,10,0.001
100,1.1407064585458664,0.05217289924621582,0.663208544254303,0.22217676043510437,0.05217289924621582,0.7572423815727234,0.6632086038589478,1.3553826887456197,0.25873968,0.66771746,0.22108068,0.051747944,0.7611587,0.6677175,tanh,0.0,100,linear,0.3,32,<class 'keras.optimizers.Adam'>,10,0.1
100,0.008879085766920258,7.506347901653498e-05,0.008804021403193474,0.00660189613699913,7.506347901653498e-05,0.052719201892614365,0.0088040204718709,0.009347546630768136,0.0003508787,0.008996668,0.0062111267,7.017567e-05,0.05279788,0.008996668,tanh,0.0,100,linear,0.3,32,<class 'keras.optimizers.SGD'>,10,0.0
100,0.629112860702333,0.0002265760413138196,0.38162219524383545,0.01205458678305149,0.0002265760413138196,0.5720322132110596,0.38162219524383545,0.6306465954534591,0.00785568,0.3845024,0.035299987,0.0015711358,0.5749539,0.3845024,tanh,0.0,100,linear,0.3,32,<class 'keras.optimizers.SGD'>,10,0.01
100,0.1742879666506298,6.559050234500319e-05,0.04867960140109062,0.005628644488751888,6.559050234500319e-05,0.19266827404499054,0.04867960140109062,0.17552648569856372,0.0004200117,0.04953137,0.0068360437,8.400247e-05,0.1943021,0.04953137,tanh,0.0,100,linear,0.3,32,<class 'keras.optimizers.SGD'>,10,0.001
100,1.193552757634057,0.043103598058223724,0.6643218398094177,0.19660773873329163,0.043103598058223724,0.7572243809700012,0.664321780204773,1.3744946810934278,0.27250683,0.6691513,0.22109024,0.054501396,0.7613947,0.6691513,tanh,0.0,100,linear,0.3,32,<class 'keras.optimizers.SGD'>,10,0.1
100,0.014109112363722589,0.00011488481686683372,0.013994226232171059,0.007958841510117054,0.00011488481686683372,0.07550224661827087,0.013994227163493633,0.014856007673393285,0.00057473395,0.01428129,0.007977229,0.000114946786,0.075724475,0.01428129,tanh,0.0,100,linear,0.03,4,<class 'keras.optimizers.Adam'>,10,0.0
100,0.6154974451140752,0.001644912059418857,0.3777860403060913,0.03908818960189819,0.001644912059418857,0.5690900683403015,0.3777860701084137,0.6260637203852336,0.0064741382,0.382324,0.03433162,0.0012948276,0.57369906,0.382324,tanh,0.0,100,linear,0.03,4,<class 'keras.optimizers.Adam'>,10,0.01
100,0.17304881427969251,6.577038584509864e-05,0.04825925827026367,0.005635757464915514,6.577038584509864e-05,0.19169403612613678,0.04825925827026367,0.17429214057231707,0.00036012183,0.048910763,0.0060829315,7.2024355e-05,0.19327322,0.048910763,tanh,0.0,100,linear,0.03,4,<class 'keras.optimizers.Adam'>,10,0.001
100,1.1461010452300784,0.05093179643154144,0.6627826690673828,0.21919582784175873,0.05093179643154144,0.7567845582962036,0.6627826690673828,1.35567865352782,0.2589696,0.66784424,0.22108048,0.051793963,0.7611552,0.66784424,tanh,0.0,100,linear,0.03,4,<class 'keras.optimizers.Adam'>,10,0.1
100,0.0476279433580145,0.0003792046627495438,0.04724875092506409,0.015165749937295914,0.0003792046627495438,0.1433641016483307,0.04724875092506409,0.04832197954020803,0.0018933616,0.046428654,0.015169407,0.00037867232,0.14202435,0.046428654,tanh,0.0,100,linear,0.03,4,<class 'keras.optimizers.SGD'>,10,0.0
100,0.6305720254542335,0.0015786224976181984,0.390363484621048,0.03481419011950493,0.0015786224976181984,0.5761002898216248,0.3903634548187256,0.6409300052457385,0.007914857,0.39422745,0.034840982,0.0015829717,0.5800553,0.39422745,tanh,0.0,100,linear,0.03,4,<class 'keras.optimizers.SGD'>,10,0.01
100,0.20301989946100446,0.0001471604482503608,0.07162286341190338,0.009307998232543468,0.0001471604482503608,0.23071467876434326,0.07162285596132278,0.20437413833680607,0.0007445578,0.072257906,0.0094460985,0.00014891155,0.23202033,0.072257906,tanh,0.0,100,linear,0.03,4,<class 'keras.optimizers.SGD'>,10,0.001
100,1.1458109691029503,0.05365968868136406,0.6640413403511047,0.22137463092803955,0.05365968868136406,0.7568448781967163,0.6640413403511047,1.3664342186753713,0.2679404,0.6694613,0.22108138,0.053588063,0.7614722,0.6694613,tanh,0.0,100,linear,0.03,4,<class 'keras.optimizers.SGD'>,10,0.1
100,0.00844227283239542,8.651586540509015e-05,0.008355758152902126,0.007015114184468985,8.651586540509015e-05,0.04807308316230774,0.008355758152902126,0.008984931827788907,0.00043785898,0.008547071,0.007043157,8.7571716e-05,0.048249297,0.008547071,tanh,0.0,100,linear,0.03,8,<class 'keras.optimizers.Adam'>,10,0.0
100,0.6166828932270171,0.0011985971359536052,0.37847569584846497,0.03303807973861694,0.0011985971359536052,0.5701523423194885,0.37847569584846497,0.6255708193022107,0.0064646835,0.38174838,0.034329116,0.0012929386,0.5736004,0.38174844,tanh,0.0,100,linear,0.03,8,<class 'keras.optimizers.Adam'>,10,0.01
100,0.17371628861578683,6.267381832003593e-05,0.04883961379528046,0.00539132347330451,6.267381832003593e-05,0.19351942837238312,0.048839617520570755,0.17494069681990715,0.00036110685,0.048822824,0.006084698,7.2221366e-05,0.19324665,0.04882283,tanh,0.0,100,linear,0.03,8,<class 'keras.optimizers.Adam'>,10,0.001
100,1.1470900227153111,0.05065266415476799,0.6617231965065002,0.21852697432041168,0.05065266415476799,0.7560893893241882,0.6617231965065002,1.3555149072692507,0.2588547,0.66779405,0.22107983,0.051770903,0.76115423,0.667794,tanh,0.0,100,linear,0.03,8,<class 'keras.optimizers.Adam'>,10,0.1
100,0.03635792433919888,0.00036051691859029233,0.0359974130988121,0.014719693921506405,0.00036051691859029233,0.13237209618091583,0.0359974130988121,0.03723270477254003,0.0017746013,0.035458073,0.0145931635,0.00035492,0.13151799,0.035458073,tanh,0.0,100,linear,0.03,8,<class 'keras.optimizers.SGD'>,10,0.0
100,0.6292425203891028,0.0014895980712026358,0.39002859592437744,0.034580666571855545,0.0014895980712026358,0.5761946439743042,0.39002859592437744,0.639219401753138,0.0074952156,0.3938684,0.034712024,0.0014990424,0.5801154,0.3938684,tanh,0.0,100,linear,0.03,8,<class 'keras.optimizers.SGD'>,10,0.01
100,0.19681316685108913,0.00011992856889264658,0.05760681629180908,0.007972778752446175,0.00011992856889264658,0.207185298204422,0.05760682001709938,0.19845960409868332,0.0006133747,0.05806261,0.008052056,0.00012267494,0.20819367,0.05806261,tanh,0.0,100,linear,0.03,8,<class 'keras.optimizers.SGD'>,10,0.001
100,1.1467567678481814,0.05423571914434433,0.6639744639396667,0.22115859389305115,0.05423571914434433,0.7568114399909973,0.6639744639396667,1.3697665503100744,0.27133676,0.66945475,0.22104219,0.05426742,0.7614638,0.66945475,tanh,0.0,100,linear,0.03,8,<class 'keras.optimizers.SGD'>,10,0.1
100,0.005145260625674079,8.418448851443827e-05,0.005061075557023287,0.006990964990109205,8.418448851443827e-05,0.036657076328992844,0.005061076022684574,0.005471526730772374,0.00042143525,0.0050500915,0.007005867,8.428709e-05,0.03667828,0.005050091,tanh,0.0,100,linear,0.03,16,<class 'keras.optimizers.Adam'>,10,0.0
100,0.6165380599006774,0.0012439856072887778,0.37602174282073975,0.033688973635435104,0.0012439856072887778,0.5680670142173767,0.37602174282073975,0.6256026753830531,0.0064632604,0.38167116,0.034317058,0.0012926533,0.573599,0.3816712,tanh,0.0,100,linear,0.03,16,<class 'keras.optimizers.Adam'>,10,0.01
100,0.17328827792689913,6.257007044041529e-05,0.0491781160235405,0.00543370982632041,6.257007044041529e-05,0.19413889944553375,0.0491781160235405,0.17454803141336592,0.0003636769,0.048793837,0.006137742,7.2735376e-05,0.19330075,0.048793837,tanh,0.0,100,linear,0.03,16,<class 'keras.optimizers.Adam'>,10,0.001
100,1.1480529690545702,0.05038273334503174,0.6624420881271362,0.21804499626159668,0.05038273334503174,0.7566696405410767,0.6624420881271362,1.3553853166481806,0.2587853,0.6677232,0.2210812,0.05175705,0.76115847,0.6677232,tanh,0.0,100,linear,0.03,16,<class 'keras.optimizers.Adam'>,10,0.1
100,0.01785719618792572,0.00035007577389478683,0.017507115378975868,0.0145186185836792,0.00035007577389478683,0.0882502868771553,0.017507115378975868,0.019092089482878764,0.0017528996,0.017339183,0.0144999325,0.00035058023,0.08749999,0.017339181,tanh,0.0,100,linear,0.03,16,<class 'keras.optimizers.SGD'>,10,0.0
100,0.6274894323613909,0.0014397104969248176,0.3879716694355011,0.03447471931576729,0.0014397104969248176,0.5752660632133484,0.3879716694355011,0.637250736781529,0.007250908,0.39171827,0.034600202,0.0014501804,0.57917196,0.39171827,tanh,0.0,100,linear,0.03,16,<class 'keras.optimizers.SGD'>,10,0.01
100,0.19545647970267704,8.872211765265092e-05,0.05477408319711685,0.006871102377772331,8.872211765265092e-05,0.20508868992328644,0.05477408319711685,0.1968476181465482,0.00046062522,0.05556921,0.007082742,9.21251e-05,0.2068016,0.05556921,tanh,0.0,100,linear,0.03,16,<class 'keras.optimizers.SGD'>,10,0.001
100,1.1455682782899765,0.053601644933223724,0.6636964082717896,0.22140894830226898,0.053601644933223724,0.756769597530365,0.6636964082717896,1.3659579756714049,0.2676098,0.66920894,0.22109261,0.053522006,0.7614466,0.66920894,tanh,0.0,100,linear,0.03,16,<class 'keras.optimizers.SGD'>,10,0.1
100,0.004347612006988908,5.636577770928852e-05,0.0042912461794912815,0.005244361702352762,5.636577770928852e-05,0.029631223529577255,0.0042912461794912815,0.004524834691094131,0.00028364547,0.0042411885,0.005297282,5.672914e-05,0.029351486,0.0042411885,tanh,0.0,100,linear,0.03,32,<class 'keras.optimizers.Adam'>,10,0.0
100,0.615239021323976,0.0015584127977490425,0.3751508295536041,0.03817792609333992,0.0015584127977490425,0.5668952465057373,0.3751508295536041,0.6254357216850159,0.006468031,0.38158476,0.0343233,0.0012936073,0.5735457,0.38158476,tanh,0.0,100,linear,0.03,32,<class 'keras.optimizers.Adam'>,10,0.01
100,0.17415436577229274,7.655954686924815e-05,0.04945613443851471,0.006440159399062395,7.655954686924815e-05,0.1956593245267868,0.04945613443851471,0.1754132130552852,0.00036816637,0.048846334,0.0061841803,7.363329e-05,0.19336267,0.048846334,tanh,0.0,100,linear,0.03,32,<class 'keras.optimizers.Adam'>,10,0.001
100,1.1453391271924216,0.05103449895977974,0.6618192195892334,0.21935640275478363,0.05103449895977974,0.7561907768249512,0.6618192195892334,1.355324315457117,0.25873446,0.667705,0.22107945,0.05174687,0.76115686,0.667705,tanh,0.0,100,linear,0.03,32,<class 'keras.optimizers.Adam'>,10,0.1
100,0.01655609291268601,0.00017114405636675656,0.016384949907660484,0.010206309147179127,0.00017114405636675656,0.08370320498943329,0.016384951770305634,0.01717175715085533,0.0008617942,0.016309977,0.010240848,0.00017235872,0.0831834,0.016309977,tanh,0.0,100,linear,0.03,32,<class 'keras.optimizers.SGD'>,10,0.0
100,0.6260904332002004,0.0014235107228159904,0.38647449016571045,0.03448275476694107,0.0014235107228159904,0.5744045972824097,0.38647449016571045,0.6358361806188311,0.007159652,0.3899701,0.034574423,0.0014319316,0.5780791,0.3899701,tanh,0.0,100,linear,0.03,32,<class 'keras.optimizers.SGD'>,10,0.01
100,0.19856060748062437,8.221771713579074e-05,0.054891787469387054,0.0067253876477479935,8.221771713579074e-05,0.20418661832809448,0.054891787469387054,0.20002122425607272,0.00041309473,0.05526166,0.0067343833,8.261885e-05,0.20504332,0.05526166,tanh,0.0,100,linear,0.03,32,<class 'keras.optimizers.SGD'>,10,0.001
100,1.1457053057731144,0.05372103303670883,0.6639067530632019,0.22142645716667175,0.05372103303670883,0.7568418979644775,0.6639067530632019,1.3665899400673216,0.26821148,0.66926056,0.22109033,0.05364228,0.7614077,0.6692605,tanh,0.0,100,linear,0.03,32,<class 'keras.optimizers.SGD'>,10,0.1
100,0.06119973532973774,0.014659608714282513,0.04654012247920036,0.10456489771604538,0.014659608714282513,0.144673690199852,0.04654012247920036,0.12024967617222242,0.074484125,0.045765564,0.105525486,0.014896824,0.14343962,0.045765564,tanh,0.0,100,linear,0.003,4,<class 'keras.optimizers.Adam'>,10,0.0
100,0.7116859517400227,0.0021251679863780737,0.390529990196228,0.03974435105919838,0.0021251679863780737,0.5768470168113708,0.390529990196228,0.7253263693007211,0.011069811,0.39436,0.040520824,0.0022139642,0.58076257,0.39436,tanh,0.0,100,linear,0.003,4,<class 'keras.optimizers.Adam'>,10,0.01
100,0.2406092528785978,0.0005987451877444983,0.09772314876317978,0.018420163542032242,0.0005987451877444983,0.2685539722442627,0.09772314876317978,0.24532495312510974,0.0030933924,0.0993624,0.018742202,0.00061867834,0.27114606,0.0993624,tanh,0.0,100,linear,0.003,4,<class 'keras.optimizers.Adam'>,10,0.001
100,1.7445006911716765,0.05478298291563988,0.6640085577964783,0.22306129336357117,0.05478298291563988,0.7568153738975525,0.6640085577964783,1.9828654031904918,0.27409008,0.66943836,0.22294372,0.05481805,0.76144236,0.66943836,tanh,0.0,100,linear,0.003,4,<class 'keras.optimizers.Adam'>,10,0.1
100,0.07789858725099337,0.0009768324671313167,0.07692176848649979,0.023870699107646942,0.0009768324671313167,0.23106776177883148,0.07692176848649979,0.08268606154218552,0.0049524135,0.07773362,0.024036752,0.0009904832,0.23275694,0.07773363,tanh,0.0,100,linear,0.003,4,<class 'keras.optimizers.SGD'>,10,0.0
100,0.7125667637302762,0.009354311972856522,0.40564218163490295,0.08081445842981339,0.009354311972856522,0.5876525640487671,0.40564218163490295,0.755177679468715,0.047039777,0.40963313,0.08120439,0.00940796,0.59169847,0.40963313,tanh,0.0,100,linear,0.003,4,<class 'keras.optimizers.SGD'>,10,0.01
100,0.3076593256185925,0.004180923569947481,0.15819914638996124,0.05293865501880646,0.004180923569947481,0.3521876037120819,0.15819916129112244,0.3277014949492046,0.02100546,0.1607174,0.05299302,0.0042010886,0.35578763,0.1607174,tanh,0.0,100,linear,0.003,4,<class 'keras.optimizers.SGD'>,10,0.001
100,1.1460482122406126,0.06610134989023209,0.6641585826873779,0.22111092507839203,0.06610134989023209,0.7568699717521667,0.6641585230827332,1.417126577051859,0.33322215,0.66959953,0.22176261,0.066644415,0.7615319,0.66959953,tanh,0.0,100,linear,0.003,4,<class 'keras.optimizers.SGD'>,10,0.1
100,0.025065747339514985,0.0005415065679699183,0.02452423982322216,0.018181931227445602,0.0005415065679699183,0.10815151035785675,0.02452423982322216,0.027221542552468322,0.0027067098,0.024514832,0.018247053,0.00054134225,0.10816524,0.024514832,tanh,0.0,100,linear,0.003,8,<class 'keras.optimizers.Adam'>,10,0.0
100,0.7105386700895098,0.0015579896280542016,0.386376291513443,0.03691240772604942,0.0015579896280542016,0.5746166706085205,0.3863763213157654,0.7214507059918509,0.007867888,0.3900319,0.037034426,0.0015735789,0.57840055,0.3900319,tanh,0.0,100,linear,0.003,8,<class 'keras.optimizers.Adam'>,10,0.01
100,0.19899254275692835,0.00015095331764314324,0.05650925263762474,0.008784912526607513,0.00015095331764314324,0.20493699610233307,0.05650925263762474,0.20103703101002982,0.0007761118,0.057154726,0.0089366175,0.00015522241,0.2060637,0.057154726,tanh,0.0,100,linear,0.003,8,<class 'keras.optimizers.Adam'>,10,0.001
100,1.4393806928680057,0.053143661469221115,0.663769006729126,0.22195902466773987,0.053143661469221115,0.7567629218101501,0.6637690663337708,1.662619515827724,0.26581734,0.66924626,0.22181329,0.05316345,0.7614133,0.66924626,tanh,0.0,100,linear,0.003,8,<class 'keras.optimizers.Adam'>,10,0.1
100,0.060121330476942514,0.004422259517014027,0.05569906532764435,0.05492143705487251,0.004422259517014027,0.16704371571540833,0.05569906532764435,0.07730215803261788,0.022370722,0.05493141,0.055327304,0.0044741416,0.16583985,0.05493141,tanh,0.0,100,linear,0.003,8,<class 'keras.optimizers.SGD'>,10,0.0
100,0.7611464899683755,0.0018683710368350148,0.40368765592575073,0.037804014980793,0.0018683710368350148,0.5861765146255493,0.40368762612342834,0.7732029976352813,0.009380112,0.40754646,0.037835438,0.0018760236,0.5901144,0.40754646,tanh,0.0,100,linear,0.003,8,<class 'keras.optimizers.SGD'>,10,0.01
100,0.2949578836323723,0.0009102019830606878,0.10158757120370865,0.02399480529129505,0.0009102019830606878,0.2768329977989197,0.10158757120370865,0.3005917148930686,0.004558186,0.102771856,0.024074817,0.0009116373,0.27887893,0.102771856,tanh,0.0,100,linear,0.003,8,<class 'keras.optimizers.SGD'>,10,0.001
100,1.1486168535928878,0.06514350324869156,0.6637911200523376,0.22155112028121948,0.06514350324869156,0.7567660808563232,0.6637910604476929,1.4158874073671917,0.32585293,0.6692432,0.22110954,0.06517059,0.7614023,0.66924316,tanh,0.0,100,linear,0.003,8,<class 'keras.optimizers.SGD'>,10,0.1
100,0.01392038710903199,0.00021929357899352908,0.01370109710842371,0.011452633887529373,0.00021929357899352908,0.07565495371818542,0.01370109710842371,0.01493985421719059,0.0011098814,0.013829977,0.011583348,0.00022197612,0.075528406,0.013829977,tanh,0.0,100,linear,0.003,16,<class 'keras.optimizers.Adam'>,10,0.0
100,0.6686514107953935,0.0013871698174625635,0.38132357597351074,0.03526737540960312,0.0013871698174625635,0.5718386769294739,0.38132357597351074,0.6796502198018725,0.0071939453,0.3847261,0.035944823,0.0014387884,0.5754441,0.3847261,tanh,0.0,100,linear,0.003,16,<class 'keras.optimizers.Adam'>,10,0.01
100,0.19223080916064125,9.410185884917155e-05,0.05128250643610954,0.007061866112053394,9.410185884917155e-05,0.19831673800945282,0.05128251388669014,0.19374350192291395,0.00047797387,0.051195446,0.007051778,9.5594696e-05,0.19803871,0.051195446,tanh,0.0,100,linear,0.003,16,<class 'keras.optimizers.Adam'>,10,0.001
100,1.403114312224918,0.05262380465865135,0.6628574728965759,0.221678227186203,0.05262380465865135,0.7565798163414001,0.6628574728965759,1.6257230724607195,0.26318347,0.6683645,0.22161257,0.052636676,0.7612445,0.6683646,tanh,0.0,100,linear,0.003,16,<class 'keras.optimizers.Adam'>,10,0.1
100,0.04336601631154144,0.000636327255051583,0.04272967576980591,0.01938234083354473,0.000636327255051583,0.1454799771308899,0.04272967576980591,0.045363720349730956,0.0032532446,0.04211045,0.01966395,0.00065064896,0.14465356,0.04211045,tanh,0.0,100,linear,0.003,16,<class 'keras.optimizers.SGD'>,10,0.0
100,0.7852585072555239,0.00208245194517076,0.4052707850933075,0.038476016372442245,0.00208245194517076,0.5884291529655457,0.4052707850933075,0.7985436967441014,0.010488495,0.40917265,0.038640004,0.0020976996,0.5924148,0.40917262,tanh,0.0,100,linear,0.003,16,<class 'keras.optimizers.SGD'>,10,0.01
100,0.28973511050617884,0.0003968609089497477,0.08908463269472122,0.014075993560254574,0.0003968609089497477,0.2597745656967163,0.08908464014530182,0.2932243792310594,0.0019966196,0.08983501,0.014162388,0.00039932443,0.2614232,0.08983501,tanh,0.0,100,linear,0.003,16,<class 'keras.optimizers.SGD'>,10,0.001
100,1.1562008146255736,0.05871277302503586,0.6638915538787842,0.2210717797279358,0.05871277302503586,0.7568548321723938,0.6638915538787842,1.3976387303026896,0.29453525,0.66931903,0.22117627,0.05890693,0.76147276,0.66931903,tanh,0.0,100,linear,0.003,16,<class 'keras.optimizers.SGD'>,10,0.1
100,0.009752905877706195,8.560098649468273e-05,0.009667307138442993,0.006950417999178171,8.560098649468273e-05,0.060047466307878494,0.009667309001088142,0.010197686491948035,0.00042552495,0.009772158,0.006938932,8.5104984e-05,0.05992872,0.009772157,tanh,0.0,100,linear,0.003,32,<class 'keras.optimizers.Adam'>,10,0.0
100,0.6411621652898334,0.0014330853009596467,0.38151323795318604,0.036124106496572495,0.0014330853009596467,0.5722948908805847,0.38151323795318604,0.6512497454881668,0.006975382,0.38370344,0.035572823,0.0013950756,0.574898,0.38370344,tanh,0.0,100,linear,0.003,32,<class 'keras.optimizers.Adam'>,10,0.01
100,0.19092776586139013,7.995455234777182e-05,0.05045998468995094,0.006692911963909864,7.995455234777182e-05,0.19641581177711487,0.05045998468995094,0.19245552213655578,0.00039913555,0.05062412,0.0066678706,7.9827114e-05,0.19685791,0.05062412,tanh,0.0,100,linear,0.003,32,<class 'keras.optimizers.Adam'>,10,0.001
100,1.2380598509122456,0.05225563049316406,0.6630510091781616,0.22163251042366028,0.05225563049316406,0.7569020390510559,0.6630510091781616,1.455987611081865,0.26133865,0.6680454,0.22156723,0.052267753,0.76119304,0.6680454,tanh,0.0,100,linear,0.003,32,<class 'keras.optimizers.Adam'>,10,0.1
100,0.03924443375851427,0.0004944303655065596,0.03875000402331352,0.017652178183197975,0.0004944303655065596,0.13796652853488922,0.03875000402331352,0.04115606246456977,0.0025053942,0.038650658,0.017719863,0.00050107867,0.13762584,0.038650658,tanh,0.0,100,linear,0.003,32,<class 'keras.optimizers.SGD'>,10,0.0
100,0.8196257027368697,0.0018248071428388357,0.4075952470302582,0.03789607435464859,0.0018248071428388357,0.5900429487228394,0.4075952470302582,0.8315813687112596,0.009153163,0.411458,0.03792673,0.0018306323,0.5939838,0.411458,tanh,0.0,100,linear,0.003,32,<class 'keras.optimizers.SGD'>,10,0.01
100,0.3158615395663277,0.00029296043794602156,0.08910578489303589,0.012466817162930965,0.00029296043794602156,0.2598678767681122,0.08910578489303589,0.31963996716908044,0.0014773136,0.090007246,0.012529755,0.0002954628,0.2612035,0.090007246,tanh,0.0,100,linear,0.003,32,<class 'keras.optimizers.SGD'>,10,0.001
100,1.1613771319389343,0.05781128257513046,0.6640093922615051,0.22118443250656128,0.05781128257513046,0.7568051815032959,0.6640093922615051,1.3991927430743263,0.28965926,0.6694004,0.2211682,0.057931907,0.7613992,0.6694004,tanh,0.0,100,linear,0.003,32,<class 'keras.optimizers.SGD'>,10,0.1
100,0.7659435074480753,0.13992097973823547,0.6260226368904114,0.3191549777984619,0.13992097973823547,0.7130058407783508,0.6260226368904114,1.3419054357305407,0.7122623,0.6296433,0.32274795,0.14245248,0.7167846,0.6296434,tanh,0.0,100,linear,0.0003,4,<class 'keras.optimizers.Adam'>,10,0.0
100,2.1296814922302487,0.07471105456352234,0.9275488257408142,0.2351832091808319,0.07471105456352234,0.878838062286377,0.9275488257408142,2.443999489148458,0.37516776,0.93531764,0.23607895,0.0750336,0.88387054,0.93531764,tanh,0.0,100,linear,0.0003,4,<class 'keras.optimizers.Adam'>,10,0.01
100,0.8147451509558965,0.0682491734623909,0.6378311514854431,0.2220161110162735,0.0682491734623909,0.7171312570571899,0.6378311514854431,1.0948203304457287,0.3425423,0.6430492,0.22217427,0.06850844,0.7212202,0.6430492,tanh,0.0,100,linear,0.0003,4,<class 'keras.optimizers.Adam'>,10,0.001
100,6.882667674715557,0.14505822956562042,0.7016177773475647,0.36498841643333435,0.14505822956562042,0.7756415605545044,0.7016177773475647,7.513784684453692,0.7302113,0.7088641,0.36583936,0.14604223,0.7810017,0.7088641,tanh,0.0,100,linear,0.0003,4,<class 'keras.optimizers.Adam'>,10,0.1
100,0.503169079810854,0.016892999410629272,0.4862760901451111,0.10648944228887558,0.016892999410629272,0.6241278052330017,0.4862760603427887,0.5748226595539895,0.08288169,0.49194133,0.106045134,0.016576342,0.628438,0.49194133,tanh,0.0,100,linear,0.0003,4,<class 'keras.optimizers.SGD'>,10,0.0
100,1.3984106432823908,0.015327123925089836,0.6114583611488342,0.10092660784721375,0.015327123925089836,0.7025681734085083,0.6114583015441895,1.4657447545301348,0.07792385,0.61655366,0.1020111,0.015584764,0.70680976,0.6165536,tanh,0.0,100,linear,0.0003,4,<class 'keras.optimizers.SGD'>,10,0.01
100,0.520392705618389,0.011504213325679302,0.38159212470054626,0.08879005908966064,0.011504213325679302,0.5651946067810059,0.38159212470054626,0.5716744034063248,0.057733253,0.38650167,0.08902508,0.011546664,0.56950307,0.38650167,tanh,0.0,100,linear,0.0003,4,<class 'keras.optimizers.SGD'>,10,0.001
100,2.155265624561007,0.07165289670228958,0.6670718193054199,0.23256053030490875,0.07165289670228958,0.7585678100585938,0.6670718193054199,2.4617674345061893,0.35946164,0.6725535,0.23258604,0.07189232,0.7631919,0.6725535,tanh,0.0,100,linear,0.0003,4,<class 'keras.optimizers.SGD'>,10,0.1
100,0.34462742833864124,0.016184739768505096,0.32844278216362,0.10413927584886551,0.016184739768505096,0.46470895409584045,0.32844278216362,0.4116327807780296,0.080277994,0.33135456,0.103355326,0.016055599,0.46726525,0.33135456,tanh,0.0,100,linear,0.0003,8,<class 'keras.optimizers.Adam'>,10,0.0
100,1.5509380423833454,0.03123306669294834,0.47793903946876526,0.1439146250486374,0.03123306669294834,0.6216146945953369,0.47793903946876526,1.6893765243272933,0.15804903,0.48107076,0.14442329,0.031609822,0.6247957,0.48107076,tanh,0.0,100,linear,0.0003,8,<class 'keras.optimizers.Adam'>,10,0.01
100,0.569949157654293,0.0053542545065283775,0.4260725677013397,0.05920644477009773,0.0053542545065283775,0.5801174640655518,0.4260725677013397,0.5965619771253495,0.026827594,0.43065268,0.05942118,0.0053655184,0.5843978,0.43065262,tanh,0.0,100,linear,0.0003,8,<class 'keras.optimizers.Adam'>,10,0.001
100,9.140512015327575,0.21875174343585968,0.6968405842781067,0.4020140767097473,0.21875174343585968,0.7780398726463318,0.6968405246734619,10.06225174646529,1.0984524,0.70348305,0.40196207,0.2196902,0.78315204,0.70348305,tanh,0.0,100,linear,0.0003,8,<class 'keras.optimizers.Adam'>,10,0.1
100,0.368214977449841,0.009713131003081799,0.35850176215171814,0.08074413239955902,0.009713131003081799,0.5440579056739807,0.35850173234939575,0.4112929442335689,0.048343718,0.36294916,0.080577984,0.009668736,0.54818153,0.36294916,tanh,0.0,100,linear,0.0003,8,<class 'keras.optimizers.SGD'>,10,0.0
100,1.2265942811965942,0.00947143416851759,0.5240175724029541,0.08202025294303894,0.00947143416851759,0.6583589911460876,0.5240175724029541,1.2735078361299303,0.048511926,0.529032,0.08287428,0.009702384,0.66278285,0.529032,tanh,0.0,100,linear,0.0003,8,<class 'keras.optimizers.SGD'>,10,0.01
100,0.5097101015704019,0.012910382822155952,0.3332611918449402,0.09484677761793137,0.012910382822155952,0.5222406983375549,0.3332611918449402,0.5668385409410037,0.06614086,0.3369817,0.09617061,0.013228184,0.5261417,0.3369817,tanh,0.0,100,linear,0.0003,8,<class 'keras.optimizers.SGD'>,10,0.001
100,2.153566969008673,0.07019541412591934,0.6719425916671753,0.23530767858028412,0.07019541412591934,0.7608957886695862,0.6719425916671753,2.442240450117323,0.35296783,0.6774354,0.2356704,0.07059367,0.76552653,0.6774354,tanh,0.0,100,linear,0.0003,8,<class 'keras.optimizers.SGD'>,10,0.1
100,0.14607583497251783,0.005538273137062788,0.14053747057914734,0.05961336940526962,0.005538273137062788,0.2969816327095032,0.14053747057914734,0.17095446956772653,0.028545985,0.14240846,0.06075888,0.005709195,0.2986924,0.14240845,tanh,0.0,100,linear,0.0003,16,<class 'keras.optimizers.Adam'>,10,0.0
100,1.8729031839067973,0.009331654757261276,0.5566743612289429,0.08037900924682617,0.009331654757261276,0.6850720643997192,0.5566743612289429,1.925993541214201,0.046256185,0.56178385,0.08029196,0.009251235,0.68962413,0.5617838,tanh,0.0,100,linear,0.0003,16,<class 'keras.optimizers.Adam'>,10,0.01
100,0.4513212622158111,0.005306253209710121,0.1247638389468193,0.0590529590845108,0.005306253209710121,0.29742205142974854,0.1247638389468193,0.4768081848583524,0.02701527,0.12624551,0.05953112,0.0054030493,0.29925713,0.12624551,tanh,0.0,100,linear,0.0003,16,<class 'keras.optimizers.Adam'>,10,0.001
100,9.65979018589807,0.09895116090774536,0.6802003383636475,0.2879486083984375,0.09895116090774536,0.7658493518829346,0.6802003383636475,10.148493267997862,0.49745804,0.68611693,0.2882819,0.09949158,0.770599,0.68611693,tanh,0.0,100,linear,0.0003,16,<class 'keras.optimizers.Adam'>,10,0.1
100,0.34556302414053963,0.01076075341552496,0.3348023295402527,0.08740177750587463,0.01076075341552496,0.5076022744178772,0.3348023295402527,0.394038040037193,0.054620393,0.33941746,0.08822977,0.0109240785,0.51207787,0.33941746,tanh,0.0,100,linear,0.0003,16,<class 'keras.optimizers.SGD'>,10,0.0
100,1.4850148157467917,0.007170076947659254,0.5264307260513306,0.0690050795674324,0.007170076947659254,0.6706436276435852,0.5264306664466858,1.5247807019286685,0.03652497,0.5317676,0.06967561,0.0073049967,0.67506886,0.5317676,tanh,0.0,100,linear,0.0003,16,<class 'keras.optimizers.SGD'>,10,0.01
100,0.6047585915005397,0.007403003051877022,0.3375867009162903,0.07025611400604248,0.007403003051877022,0.5186094045639038,0.3375867009162903,0.6401442503645307,0.03736935,0.3415647,0.07079326,0.007473857,0.5226776,0.34156471,tanh,0.0,100,linear,0.0003,16,<class 'keras.optimizers.SGD'>,10,0.001
100,2.7010632318163674,0.06335583329200745,0.6692391037940979,0.23466944694519043,0.06335583329200745,0.7603935599327087,0.6692391037940979,2.971464791373601,0.31782302,0.6747265,0.23482,0.0635645,0.7650283,0.67472655,tanh,0.0,100,linear,0.0003,16,<class 'keras.optimizers.SGD'>,10,0.1
100,0.030320906442486577,0.0005304583464749157,0.02979046292603016,0.018015636131167412,0.0005304583464749157,0.11982867866754532,0.02979046106338501,0.03236971856094897,0.0026900887,0.029679613,0.01816778,0.00053801795,0.119608395,0.029679613,tanh,0.0,100,linear,0.0003,32,<class 'keras.optimizers.Adam'>,10,0.0
100,1.8792833316893804,0.003148091956973076,0.4766486883163452,0.04809335246682167,0.003148091956973076,0.6379064321517944,0.4766486883163452,1.911044159673509,0.016118886,0.4813305,0.04869419,0.0032237798,0.6422962,0.4813305,tanh,0.0,100,linear,0.0003,32,<class 'keras.optimizers.Adam'>,10,0.01
100,0.38023666379943727,0.0002871207252610475,0.09448693692684174,0.012994667515158653,0.0002871207252610475,0.2676846981048584,0.09448693692684174,0.38481018592913946,0.0014727504,0.09549291,0.013185532,0.00029455003,0.26909208,0.095492914,tanh,0.0,100,linear,0.0003,32,<class 'keras.optimizers.Adam'>,10,0.001
100,10.278135473766024,0.08879627287387848,0.6952728629112244,0.2853211760520935,0.08879627287387848,0.7741469740867615,0.6952728629112244,10.741032640517703,0.44600743,0.7012087,0.2859072,0.08920146,0.7789644,0.7012087,tanh,0.0,100,linear,0.0003,32,<class 'keras.optimizers.Adam'>,10,0.1
100,0.14667775042000272,0.0018999470630660653,0.14477774500846863,0.035638973116874695,0.0018999470630660653,0.32080376148223877,0.14477773010730743,0.15663532681526646,0.009699141,0.14693595,0.036030468,0.0019398284,0.3235473,0.14693595,tanh,0.0,100,linear,0.0003,32,<class 'keras.optimizers.SGD'>,10,0.0
100,1.6386553563768902,0.004621966276317835,0.544245719909668,0.0582895502448082,0.004621966276317835,0.6804642677307129,0.544245719909668,1.670863775979905,0.023022057,0.54911786,0.058158208,0.0046044094,0.6849237,0.54911786,tanh,0.0,100,linear,0.0003,32,<class 'keras.optimizers.SGD'>,10,0.01
100,0.6396734544209072,0.0016666832379996777,0.26435431838035583,0.032580528408288956,0.0016666832379996777,0.43913379311561584,0.26435431838035583,0.6504783630844146,0.008386194,0.2670995,0.032615636,0.0016772381,0.44232017,0.2670995,tanh,0.0,100,linear,0.0003,32,<class 'keras.optimizers.SGD'>,10,0.001
100,3.030307979053921,0.06907498091459274,0.6688066124916077,0.23525717854499817,0.06907498091459274,0.7601560354232788,0.6688066124916077,3.3256001090246534,0.3459023,0.674221,0.23512214,0.0691804,0.76474696,0.674221,tanh,0.0,100,linear,0.0003,32,<class 'keras.optimizers.SGD'>,10,0.1
200,0.005030458669976465,7.653196371393278e-05,0.004953926429152489,0.006343104410916567,7.653196371393278e-05,0.03453046455979347,0.004953926429152489,0.005278112323925136,0.00040656424,0.004871552,0.006576467,8.1312806e-05,0.034643248,0.004871552,tanh,0.0,200,linear,0.3,4,<class 'keras.optimizers.Adam'>,10,0.0
200,0.6153017737562694,0.0014931446639820933,0.3794519007205963,0.03693508729338646,0.0014931446639820933,0.5714694261550903,0.3794518709182739,0.625387564679933,0.006497447,0.38160604,0.034330446,0.0012994882,0.57353854,0.38160604,tanh,0.0,200,linear,0.3,4,<class 'keras.optimizers.Adam'>,10,0.01
200,0.17241639341153794,6.0537415265571326e-05,0.04602739214897156,0.0053390623070299625,6.0537415265571326e-05,0.18587122857570648,0.04602739214897156,0.1736044780011215,0.0003899805,0.04879849,0.006464077,7.799607e-05,0.19303985,0.04879849,tanh,0.0,200,linear,0.3,4,<class 'keras.optimizers.Adam'>,10,0.001
200,1.1450523401063586,0.05109075456857681,0.6639111638069153,0.21986024081707,0.05109075456857681,0.7576364874839783,0.6639111638069153,1.3553245429008727,0.2586997,0.66772515,0.22107881,0.05173996,0.76115835,0.66772515,tanh,0.0,200,linear,0.3,4,<class 'keras.optimizers.Adam'>,10,0.1
200,0.01049623183817381,8.28969496069476e-05,0.010413337498903275,0.006803026422858238,8.28969496069476e-05,0.05710434168577194,0.01041333843022585,0.011056283956009244,0.000408834,0.010647446,0.00671242,8.1766855e-05,0.05719818,0.010647447,tanh,0.0,200,linear,0.3,4,<class 'keras.optimizers.SGD'>,10,0.0
200,0.6317022038830651,0.0002874269266612828,0.3899383544921875,0.014093347825109959,0.0002874269266612828,0.5767770409584045,0.3899383544921875,0.6355713898227329,0.008320686,0.3928712,0.035464928,0.0016641363,0.57978845,0.3928712,tanh,0.0,200,linear,0.3,4,<class 'keras.optimizers.SGD'>,10,0.01
200,0.17412648248294044,0.00021616909361910075,0.048817798495292664,0.013403662480413914,0.00021616909361910075,0.1923990398645401,0.048817798495292664,0.17577016404460347,0.0005244023,0.05015757,0.0078607,0.000104880404,0.19541638,0.05015757,tanh,0.0,200,linear,0.3,4,<class 'keras.optimizers.SGD'>,10,0.001
200,1.2165589334472777,0.038833826780319214,0.664036750793457,0.18585804104804993,0.038833826780319214,0.7568758726119995,0.664036750793457,1.37544466890986,0.27287465,0.6694861,0.22109413,0.054574862,0.7614643,0.6694861,tanh,0.0,200,linear,0.3,4,<class 'keras.optimizers.SGD'>,10,0.1
200,0.003306745826257467,5.6560078519396484e-05,0.003250186098739505,0.005337877664715052,5.6560078519396484e-05,0.022342966869473457,0.003250186098739505,0.003486815148281739,0.00027761236,0.0032092037,0.0051966268,5.5522476e-05,0.02233774,0.0032092035,tanh,0.0,200,linear,0.3,8,<class 'keras.optimizers.Adam'>,10,0.0
200,0.6180770918490395,0.0008629169897176325,0.37314262986183167,0.027654623612761497,0.0008629169897176325,0.5658794045448303,0.37314262986183167,0.6253711775654838,0.0064973966,0.38153368,0.034328733,0.0012994806,0.5735112,0.38153368,tanh,0.0,200,linear,0.3,8,<class 'keras.optimizers.Adam'>,10,0.01
200,0.17212184324624047,8.004840492503718e-05,0.04826231300830841,0.006613713223487139,8.004840492503718e-05,0.19141992926597595,0.04826231300830841,0.17354628288793186,0.00038730266,0.048719626,0.0064409035,7.74605e-05,0.1932511,0.048719626,tanh,0.0,200,linear,0.3,8,<class 'keras.optimizers.Adam'>,10,0.001
200,1.1445409593128022,0.051210056990385056,0.6630265116691589,0.2199319750070572,0.051210056990385056,0.7570301294326782,0.6630264520645142,1.3553442989076887,0.2587116,0.6677283,0.22108048,0.0517423,0.76116323,0.66772825,tanh,0.0,200,linear,0.3,8,<class 'keras.optimizers.Adam'>,10,0.1
200,0.007990323299438589,8.989246271084994e-05,0.00790043082088232,0.007045035250484943,8.989246271084994e-05,0.05282933637499809,0.00790043082088232,0.008295282377447519,0.00045058987,0.00784469,0.007091653,9.011805e-05,0.05255101,0.00784469,tanh,0.0,200,linear,0.3,8,<class 'keras.optimizers.SGD'>,10,0.0
200,0.6176754765094272,0.0017394705209881067,0.38052961230278015,0.039516810327768326,0.0017394705209881067,0.5710370540618896,0.38052961230278015,0.6293730569737298,0.00739889,0.38368273,0.034625757,0.0014797782,0.5744225,0.38368273,tanh,0.0,200,linear,0.3,8,<class 'keras.optimizers.SGD'>,10,0.01
200,0.1742227445046107,5.9440364566398785e-05,0.047059543430805206,0.005218555685132742,5.9440364566398785e-05,0.18813882768154144,0.047059543430805206,0.1754073013270658,0.00047508228,0.050007086,0.00740271,9.5016454e-05,0.19495155,0.050007086,tanh,0.0,200,linear,0.3,8,<class 'keras.optimizers.SGD'>,10,0.001
200,1.1859559780075437,0.04454946145415306,0.6641311645507812,0.20014040172100067,0.04454946145415306,0.7570042610168457,0.6641311645507812,1.3744394611744655,0.27232513,0.6693046,0.22108805,0.054465,0.76141477,0.6693046,tanh,0.0,200,linear,0.3,8,<class 'keras.optimizers.SGD'>,10,0.1
200,0.0027226992834281797,4.887397153652273e-05,0.0026738245505839586,0.004764969926327467,4.887397153652273e-05,0.015487048774957657,0.0026738245505839586,0.002858666677673769,0.00026305436,0.0025956142,0.0050861496,5.2610827e-05,0.01564513,0.0025956142,tanh,0.0,200,linear,0.3,16,<class 'keras.optimizers.Adam'>,10,0.0
200,0.6157284115042005,0.001356032444164157,0.3789200186729431,0.03517062962055206,0.001356032444164157,0.5706676840782166,0.3789200186729431,0.6253638338475,0.006503323,0.38154802,0.034319397,0.0013006647,0.5735263,0.38154805,tanh,0.0,200,linear,0.3,16,<class 'keras.optimizers.Adam'>,10,0.01
200,0.17232737351977637,6.323948764475062e-05,0.0462331585586071,0.00547774787992239,6.323948764475062e-05,0.18680021166801453,0.0462331585586071,0.17356140412508494,0.00039670977,0.048725374,0.006566497,7.934199e-05,0.19322808,0.04872537,tanh,0.0,200,linear,0.3,16,<class 'keras.optimizers.Adam'>,10,0.001
200,1.1526167610334972,0.04926849901676178,0.6643305420875549,0.21572190523147583,0.04926849901676178,0.7580136060714722,0.6643304824829102,1.3553540297916957,0.25871453,0.6677218,0.22107856,0.0517429,0.76115966,0.6677218,tanh,0.0,200,linear,0.3,16,<class 'keras.optimizers.Adam'>,10,0.1
200,0.007765619321504519,6.857778498670086e-05,0.007697041146457195,0.006110160145908594,6.857778498670086e-05,0.0461738146841526,0.007697041612118483,0.008193240090022012,0.0003447729,0.0078484705,0.006175585,6.895464e-05,0.046284705,0.0078484705,tanh,0.0,200,linear,0.3,16,<class 'keras.optimizers.SGD'>,10,0.0
200,0.6173505174735235,0.0018384320428594947,0.3811393976211548,0.04072866216301918,0.0018384320428594947,0.5716325640678406,0.3811393678188324,0.6294672616417446,0.00751728,0.38362125,0.03469558,0.0015034559,0.57456416,0.38362125,tanh,0.0,200,linear,0.3,16,<class 'keras.optimizers.SGD'>,10,0.01
200,0.1736154637166432,7.836913573555648e-05,0.0472063273191452,0.0065746670588850975,7.836913573555648e-05,0.18890893459320068,0.0472063273191452,0.1749985596726811,0.00051207904,0.04930958,0.0077690487,0.00010241583,0.19389182,0.04930958,tanh,0.0,200,linear,0.3,16,<class 'keras.optimizers.SGD'>,10,0.001
200,1.2179830857685634,0.038526590913534164,0.6639400124549866,0.1846344769001007,0.038526590913534164,0.7571203112602234,0.6639400124549866,1.3750924265573896,0.27285147,0.6688613,0.22109137,0.05457032,0.7613144,0.6688613,tanh,0.0,200,linear,0.3,16,<class 'keras.optimizers.SGD'>,10,0.1
200,0.001967158112587178,5.900150426896289e-05,0.001908156438730657,0.005405318923294544,5.900150426896289e-05,0.013393561355769634,0.001908156555145979,0.002105887739947768,0.00028115313,0.0018247364,0.0053885924,5.6230656e-05,0.014041303,0.0018247364,tanh,0.0,200,linear,0.3,32,<class 'keras.optimizers.Adam'>,10,0.0
200,0.6139168251128424,0.0019053852884098887,0.38108178973197937,0.04219215363264084,0.0019053852884098887,0.572289764881134,0.38108181953430176,0.6254122620537168,0.006512631,0.38156423,0.034308296,0.0013025274,0.5735334,0.3815643,tanh,0.0,200,linear,0.3,32,<class 'keras.optimizers.Adam'>,10,0.01
200,0.17260234015328543,7.14363413862884e-05,0.045678168535232544,0.0063783698715269566,7.14363413862884e-05,0.1855648308992386,0.04567817598581314,0.17357460235555966,0.00040246153,0.0487294,0.0066380803,8.049229e-05,0.19324574,0.048729405,tanh,0.0,200,linear,0.3,32,<class 'keras.optimizers.Adam'>,10,0.001
200,1.1457815386000134,0.05090903490781784,0.6621406078338623,0.21920035779476166,0.05090903490781784,0.756618320941925,0.6621405482292175,1.3553621640281073,0.2587179,0.6677145,0.2210782,0.051743597,0.76115847,0.6677145,tanh,0.0,200,linear,0.3,32,<class 'keras.optimizers.Adam'>,10,0.1
200,0.007032641381143578,6.225905963219702e-05,0.006970381364226341,0.005810931790620089,6.225905963219702e-05,0.04452431946992874,0.006970381364226341,0.007398702420057759,0.00031727983,0.0070814276,0.005881103,6.3455904e-05,0.04452582,0.0070814276,tanh,0.0,200,linear,0.3,32,<class 'keras.optimizers.SGD'>,10,0.0
200,0.6229782225593689,0.0005999142304062843,0.3805047571659088,0.021703561767935753,0.0005999142304062843,0.5712705850601196,0.3805047571659088,0.6299352119839381,0.008005531,0.38349047,0.03520438,0.0016011072,0.57449627,0.3834905,tanh,0.0,200,linear,0.3,32,<class 'keras.optimizers.SGD'>,10,0.01
200,0.17345338875339145,8.391877781832591e-05,0.04807446151971817,0.0069814408197999,8.391877781832591e-05,0.1912134885787964,0.04807446151971817,0.1749355979618572,0.0005417252,0.049150847,0.007966763,0.000108345,0.19381535,0.049150854,tanh,0.0,200,linear,0.3,32,<class 'keras.optimizers.SGD'>,10,0.001
200,1.1753197280187455,0.04673535376787186,0.6632941961288452,0.20539526641368866,0.04673535376787186,0.7566704154014587,0.6632941961288452,1.3746734499931335,0.2725854,0.6688807,0.22109297,0.054517068,0.76134586,0.6688807,tanh,0.0,200,linear,0.3,32,<class 'keras.optimizers.SGD'>,10,0.1
200,0.008763702554140418,8.714626892469823e-05,0.008676555007696152,0.00673630042001605,8.714626892469823e-05,0.047688499093055725,0.008676555007696152,0.009332203790767208,0.0004375077,0.0088947015,0.0068600816,8.750158e-05,0.04777021,0.008894703,tanh,0.0,200,linear,0.03,4,<class 'keras.optimizers.Adam'>,10,0.0
200,0.6165839838603187,0.0012466799234971404,0.3816259205341339,0.03384551405906677,0.0012466799234971404,0.5725443959236145,0.3816259503364563,0.6256648465754494,0.0064536403,0.38208625,0.034319337,0.0012907294,0.57356596,0.38208622,tanh,0.0,200,linear,0.03,4,<class 'keras.optimizers.Adam'>,10,0.01
200,0.1731899897257487,7.193228520918638e-05,0.049411505460739136,0.006099316757172346,7.193228520918638e-05,0.1939208209514618,0.04941149801015854,0.17453895042103434,0.00036186905,0.04975308,0.0061142496,7.237383e-05,0.19458541,0.04975308,tanh,0.0,200,linear,0.03,4,<class 'keras.optimizers.Adam'>,10,0.001
200,1.1482308484259105,0.0503409169614315,0.6628254055976868,0.21798457205295563,0.0503409169614315,0.7569152116775513,0.6628254055976868,1.3553851072750394,0.25877747,0.6677762,0.22108464,0.05175553,0.7611477,0.6677762,tanh,0.0,200,linear,0.03,4,<class 'keras.optimizers.Adam'>,10,0.1
200,0.03744618620664354,0.0001485802640672773,0.03729759529232979,0.009463797323405743,0.0001485802640672773,0.134748637676239,0.03729759529232979,0.0377278187134791,0.0007517151,0.036976106,0.009507513,0.00015034295,0.13404608,0.0369761,tanh,0.0,200,linear,0.03,4,<class 'keras.optimizers.SGD'>,10,0.0
200,0.6272899141387334,0.0014114342629909515,0.39046546816825867,0.034183651208877563,0.0014114342629909515,0.575980007648468,0.39046546816825867,0.636888682038065,0.0072332313,0.3942568,0.034561723,0.0014466448,0.57991046,0.3942568,tanh,0.0,200,linear,0.03,4,<class 'keras.optimizers.SGD'>,10,0.01
200,0.19601288664908637,0.00011626122432062402,0.07008107751607895,0.007898932322859764,0.00011626122432062402,0.22594965994358063,0.07008107751607895,0.19711706407722973,0.00060257193,0.07062875,0.008094608,0.00012051442,0.22716437,0.07062875,tanh,0.0,200,linear,0.03,4,<class 'keras.optimizers.SGD'>,10,0.001
200,1.1461582933153425,0.05325436219573021,0.6640163064002991,0.22102409601211548,0.05325436219573021,0.7568917274475098,0.6640163064002991,1.3651409984581053,0.2666758,0.6694305,0.22107033,0.05333514,0.76149803,0.6694305,tanh,0.0,200,linear,0.03,4,<class 'keras.optimizers.SGD'>,10,0.1
200,0.006420085112756444,7.103801181074232e-05,0.0063490476459264755,0.00606272229924798,7.103801181074232e-05,0.04167007654905319,0.006349048111587763,0.0066460463696987266,0.00033833215,0.00630771,0.0058205463,6.766645e-05,0.041252363,0.0063077104,tanh,0.0,200,linear,0.03,8,<class 'keras.optimizers.Adam'>,10,0.0
200,0.616679633042169,0.0011633425019681454,0.37455278635025024,0.032456982880830765,0.0011633425019681454,0.5670773983001709,0.37455275654792786,0.6253588734165071,0.006457054,0.38160518,0.034317754,0.0012914095,0.57354105,0.38160518,tanh,0.0,200,linear,0.03,8,<class 'keras.optimizers.Adam'>,10,0.01
200,0.17287971419947487,7.224509317893535e-05,0.05076323449611664,0.006074443459510803,7.224509317893535e-05,0.19797419011592865,0.05076323449611664,0.17406498857197308,0.00035868728,0.048712213,0.0060473387,7.173755e-05,0.19318016,0.048712213,tanh,0.0,200,linear,0.03,8,<class 'keras.optimizers.Adam'>,10,0.001
200,1.1369520355784704,0.05314237251877785,0.6620693802833557,0.2242237627506256,0.05314237251877785,0.7563818097114563,0.6620693802833557,1.3553212784585498,0.2587142,0.6677562,0.22107726,0.0517429,0.7611486,0.66775626,tanh,0.0,200,linear,0.03,8,<class 'keras.optimizers.Adam'>,10,0.1
